mockData1_id,mockData1_first_name,mockData1_last_name,mockData1_gender,mockData1_country,mockData1_province,mockData1_registered_at,mockData1_registered_at_Year,mockData1_registered_at_Month
1,Nick,Manilow,Male,Indonesia,Bengkulu,1/22/2021 12:00:00 AM,2021,January
2,Winthrop,Hathaway,Female,Indonesia,West Sumatra,3/15/2021 12:00:00 AM,2021,March
3,Hebert,Eadmeads,Male,Indonesia,North Sumatra,2/8/2021 12:00:00 AM,2021,February
4,Elnar,Orford,Male,Indonesia,West Java,1/16/2021 12:00:00 AM,2021,January
5,Henrik,Wakes,Female,Indonesia,Special Capital Region of Jakarta,1/22/2021 12:00:00 AM,2021,January
6,Barty,Davydychev,Male,Indonesia,Special Region of Yogyakarta,1/8/2021 12:00:00 AM,2021,January
7,Britt,Thornewill,Female,Indonesia,Papua,3/15/2021 12:00:00 AM,2021,March
8,Rikki,MacTrustram,Male,Indonesia,Maluku,3/4/2021 12:00:00 AM,2021,March
9,Robinson,Goadbie,Male,Indonesia,Aceh,1/4/2021 12:00:00 AM,2021,January
10,Rosemonde,Clews,Female,Indonesia,East Java,3/6/2021 12:00:00 AM,2021,March
11,Kean,Konrad,Female,Indonesia,Bangka Belitung Islands,2/6/2021 12:00:00 AM,2021,February
12,Bettine,Linkin,Female,Indonesia,East Kalimantan,1/12/2021 12:00:00 AM,2021,January
13,Syman,Callacher,Male,Indonesia,Special Capital Region of Jakarta,2/20/2021 12:00:00 AM,2021,February
14,Doro,Martynov,Male,Indonesia,West Sumatra,3/11/2021 12:00:00 AM,2021,March
15,Rex,Chatters,Male,Indonesia,Riau,2/18/2021 12:00:00 AM,2021,February
16,Olenka,Iveagh,Male,Indonesia,North Sumatra,2/2/2021 12:00:00 AM,2021,February
17,Leilah,Blessed,Female,Indonesia,Gorontalo,1/19/2021 12:00:00 AM,2021,January
18,Milka,Penniell,Male,Indonesia,Special Region of Yogyakarta,3/6/2021 12:00:00 AM,2021,March
19,Martita,Hold,Male,Indonesia,Central Sulawesi,1/1/2021 12:00:00 AM,2021,January
20,Murry,Barabisch,Male,Indonesia,Banten,1/7/2021 12:00:00 AM,2021,January
21,Harv,Leeburne,Female,Indonesia,Riau Islands,1/16/2021 12:00:00 AM,2021,January
22,Stavro,Cannan,Male,Indonesia,West Kalimantan,3/19/2021 12:00:00 AM,2021,March
23,Basilio,Fenn,Female,Indonesia,Central Java,2/21/2021 12:00:00 AM,2021,February
24,Arlyn,Davidov,Female,Indonesia,Central Sulawesi,3/17/2021 12:00:00 AM,2021,March
25,Brock,Probey,Male,Indonesia,Riau Islands,2/22/2021 12:00:00 AM,2021,February
26,Yorgo,Mates,Male,Indonesia,Central Sulawesi,1/27/2021 12:00:00 AM,2021,January
27,Charlotte,Clewer,Female,Indonesia,Maluku,3/21/2021 12:00:00 AM,2021,March
28,Tadio,Quinane,Male,Indonesia,Bengkulu,3/3/2021 12:00:00 AM,2021,March
29,Morgan,Paterno,Female,Indonesia,Papua,3/18/2021 12:00:00 AM,2021,March
30,Pollyanna,Ambrozewicz,Male,Indonesia,West Sumatra,1/13/2021 12:00:00 AM,2021,January
31,Lowell,Fairfoot,Male,Indonesia,West Java,3/16/2021 12:00:00 AM,2021,March
32,Feodora,Kent,Male,Indonesia,West Nusa Tenggara,3/12/2021 12:00:00 AM,2021,March
33,Avictor,Yude,Female,Indonesia,South Kalimantan,2/1/2021 12:00:00 AM,2021,February
34,Gav,McTerrelly,Female,Indonesia,Gorontalo,1/2/2021 12:00:00 AM,2021,January
35,Alonzo,Nassey,Male,Indonesia,West Sumatra,1/19/2021 12:00:00 AM,2021,January
36,Trista,Ough,Female,Indonesia,North Sulawesi,2/10/2021 12:00:00 AM,2021,February
37,Ludwig,Noto,Male,Indonesia,Central Sulawesi,3/12/2021 12:00:00 AM,2021,March
38,Aurore,Sixsmith,Female,Indonesia,Banten,2/11/2021 12:00:00 AM,2021,February
39,Lauren,Rohmer,Male,Indonesia,Jambi,1/28/2021 12:00:00 AM,2021,January
40,Jessica,Roseborough,Male,Indonesia,West Kalimantan,2/26/2021 12:00:00 AM,2021,February
41,Genni,Youster,Female,Indonesia,Bengkulu,2/4/2021 12:00:00 AM,2021,February
42,Fair,Shattock,Male,Indonesia,South Sulawesi,2/12/2021 12:00:00 AM,2021,February
43,Nomi,Guynemer,Male,Indonesia,Lampung,2/17/2021 12:00:00 AM,2021,February
44,Philipa,Rhodef,Male,Indonesia,Riau,3/16/2021 12:00:00 AM,2021,March
45,Enid,Lawden,Male,Indonesia,Maluku,1/2/2021 12:00:00 AM,2021,January
46,Marcie,Wessell,Female,Indonesia,Bali,1/29/2021 12:00:00 AM,2021,January
47,Parke,Oldford,Female,Indonesia,East Nusa Tenggara,3/18/2021 12:00:00 AM,2021,March
48,Modesty,Dutnall,Female,Indonesia,Maluku,3/14/2021 12:00:00 AM,2021,March
49,Demetrius,Rickardsson,Female,Indonesia,Southeast Sulawesi,2/2/2021 12:00:00 AM,2021,February
50,Glad,Keysel,Male,Indonesia,South Sumatra,2/5/2021 12:00:00 AM,2021,February
51,Heinrick,Hannen,Female,Indonesia,West Kalimantan,3/15/2021 12:00:00 AM,2021,March
52,Melitta,Colum,Female,Indonesia,West Java,2/23/2021 12:00:00 AM,2021,February
53,Vivyan,Yule,Male,Indonesia,West Nusa Tenggara,3/15/2021 12:00:00 AM,2021,March
54,Ines,Pepperrall,Male,Indonesia,Central Java,1/12/2021 12:00:00 AM,2021,January
55,Stefanie,Dunn,Male,Indonesia,Jambi,2/12/2021 12:00:00 AM,2021,February
56,Barth,Chainey,Female,Indonesia,North Sulawesi,2/24/2021 12:00:00 AM,2021,February
57,Vincenz,Wevell,Female,Indonesia,Lampung,2/2/2021 12:00:00 AM,2021,February
58,Waiter,Widmore,Female,Indonesia,North Sulawesi,2/12/2021 12:00:00 AM,2021,February
59,Deanna,Jefferd,Male,Indonesia,Bangka Belitung Islands,3/9/2021 12:00:00 AM,2021,March
60,Cristine,Ivens,Female,Indonesia,Jambi,1/29/2021 12:00:00 AM,2021,January
61,Luella,Boykett,Female,Indonesia,Jambi,1/21/2021 12:00:00 AM,2021,January
62,Brittan,Devita,Male,Indonesia,West Java,3/1/2021 12:00:00 AM,2021,March
63,Hyacinthe,Been,Female,Indonesia,Gorontalo,2/5/2021 12:00:00 AM,2021,February
64,Alane,Ormrod,Male,Indonesia,West Nusa Tenggara,2/17/2021 12:00:00 AM,2021,February
65,Bernete,Pegrum,Male,Indonesia,South Sumatra,3/18/2021 12:00:00 AM,2021,March
66,Gerianne,Greenham,Male,Indonesia,Special Region of Yogyakarta,3/6/2021 12:00:00 AM,2021,March
67,Shina,Verheijden,Male,Indonesia,West Sumatra,3/11/2021 12:00:00 AM,2021,March
68,Brigitte,Bridson,Female,Indonesia,North Kalimantan,1/1/2021 12:00:00 AM,2021,January
69,Dacy,Dongall,Male,Indonesia,South Sulawesi,3/11/2021 12:00:00 AM,2021,March
70,Binni,Fleetwood,Male,Indonesia,East Kalimantan,2/21/2021 12:00:00 AM,2021,February
71,Robby,Jorge,Male,Indonesia,Banten,1/12/2021 12:00:00 AM,2021,January
72,Sada,Hackford,Male,Indonesia,Papua,3/5/2021 12:00:00 AM,2021,March
73,Corilla,Gremain,Male,Indonesia,Aceh,1/24/2021 12:00:00 AM,2021,January
74,Othilie,Mehew,Male,Indonesia,East Kalimantan,2/19/2021 12:00:00 AM,2021,February
75,Adora,Maycock,Male,Indonesia,Bangka Belitung Islands,2/6/2021 12:00:00 AM,2021,February
76,Adora,Schwander,Female,Indonesia,Central Sulawesi,2/11/2021 12:00:00 AM,2021,February
77,Willie,Foye,Male,Indonesia,North Sulawesi,2/25/2021 12:00:00 AM,2021,February
78,Craig,Probet,Male,Indonesia,Aceh,2/7/2021 12:00:00 AM,2021,February
79,Robina,Garred,Female,Indonesia,Bangka Belitung Islands,1/13/2021 12:00:00 AM,2021,January
80,Leonard,Ashpital,Male,Indonesia,Maluku,2/26/2021 12:00:00 AM,2021,February
81,Chauncey,Szymanzyk,Male,Indonesia,Special Region of Yogyakarta,3/14/2021 12:00:00 AM,2021,March
82,Gabe,Girardini,Female,Indonesia,East Java,2/24/2021 12:00:00 AM,2021,February
83,Diena,O'Rodane,Male,Indonesia,Gorontalo,1/31/2021 12:00:00 AM,2021,January
84,Aidan,Counihan,Male,Indonesia,Southeast Sulawesi,3/5/2021 12:00:00 AM,2021,March
85,Abra,O'Heyne,Male,Indonesia,East Kalimantan,1/13/2021 12:00:00 AM,2021,January
86,Wendel,Van Weedenburg,Male,Indonesia,North Maluku,1/28/2021 12:00:00 AM,2021,January
87,Cobb,Overthrow,Male,Indonesia,West Papua,2/19/2021 12:00:00 AM,2021,February
88,Natty,Cullingford,Female,Indonesia,Bengkulu,3/10/2021 12:00:00 AM,2021,March
89,Marcelle,Edland,Male,Indonesia,Aceh,2/12/2021 12:00:00 AM,2021,February
90,Tobiah,Bernadot,Female,Indonesia,West Kalimantan,2/21/2021 12:00:00 AM,2021,February
91,Franklyn,Yesson,Male,Indonesia,North Maluku,3/1/2021 12:00:00 AM,2021,March
92,Skip,Dallyn,Female,Indonesia,South Kalimantan,1/30/2021 12:00:00 AM,2021,January
93,Shelden,Castelin,Male,Indonesia,Maluku,2/1/2021 12:00:00 AM,2021,February
94,Bettine,Nast,Female,Indonesia,North Sulawesi,3/7/2021 12:00:00 AM,2021,March
95,Vally,Gyford,Female,Indonesia,East Kalimantan,3/1/2021 12:00:00 AM,2021,March
96,George,Izkovitz,Female,Indonesia,West Sulawesi,1/10/2021 12:00:00 AM,2021,January
97,Freda,Yacob,Male,Indonesia,Bengkulu,2/6/2021 12:00:00 AM,2021,February
98,Teddy,Kitteridge,Male,Indonesia,North Sulawesi,3/10/2021 12:00:00 AM,2021,March
99,Vanya,Halesworth,Female,Indonesia,Gorontalo,3/3/2021 12:00:00 AM,2021,March
100,Roderich,Iacovelli,Male,Indonesia,Papua,3/19/2021 12:00:00 AM,2021,March
101,Kenyon,Crook,Female,Indonesia,Maluku,1/14/2021 12:00:00 AM,2021,January
102,Zara,Huelin,Female,Indonesia,Central Java,1/29/2021 12:00:00 AM,2021,January
103,Carlynn,Forsdyke,Male,Indonesia,Special Capital Region of Jakarta,1/24/2021 12:00:00 AM,2021,January
104,Eunice,Mattioli,Male,Indonesia,Aceh,3/6/2021 12:00:00 AM,2021,March
105,Maire,McLese,Male,Indonesia,Bengkulu,1/9/2021 12:00:00 AM,2021,January
106,Byrann,Philipet,Male,Indonesia,West Nusa Tenggara,2/14/2021 12:00:00 AM,2021,February
107,Wileen,Linn,Female,Indonesia,West Kalimantan,2/13/2021 12:00:00 AM,2021,February
108,Hadley,Lemerle,Female,Indonesia,East Kalimantan,1/4/2021 12:00:00 AM,2021,January
109,Jarvis,Harraway,Male,Indonesia,Jambi,1/14/2021 12:00:00 AM,2021,January
110,Normand,Pester,Male,Indonesia,North Sumatra,1/4/2021 12:00:00 AM,2021,January
111,Ruddy,Halfacree,Female,Indonesia,West Sumatra,2/1/2021 12:00:00 AM,2021,February
112,Karim,Bwye,Female,Indonesia,Bengkulu,1/17/2021 12:00:00 AM,2021,January
113,Richie,Candy,Male,Indonesia,Gorontalo,3/5/2021 12:00:00 AM,2021,March
114,Bessy,Houtby,Female,Indonesia,Bengkulu,3/14/2021 12:00:00 AM,2021,March
115,Drusy,Danigel,Male,Indonesia,North Sulawesi,2/21/2021 12:00:00 AM,2021,February
116,Niki,Sima,Male,Indonesia,Central Kalimantan,1/24/2021 12:00:00 AM,2021,January
117,Martino,Deeprose,Female,Indonesia,Aceh,3/6/2021 12:00:00 AM,2021,March
118,Arley,Oscroft,Male,Indonesia,Bangka Belitung Islands,3/19/2021 12:00:00 AM,2021,March
119,Chevalier,Billborough,Male,Indonesia,Papua,1/2/2021 12:00:00 AM,2021,January
120,Wynn,MacAllister,Female,Indonesia,Papua,3/21/2021 12:00:00 AM,2021,March
121,Julia,Ciobotaru,Female,Indonesia,Bangka Belitung Islands,2/13/2021 12:00:00 AM,2021,February
122,Koral,Manneville,Female,Indonesia,Bengkulu,2/12/2021 12:00:00 AM,2021,February
123,Staffard,Kerslake,Female,Indonesia,Central Java,1/6/2021 12:00:00 AM,2021,January
124,Lynn,Greenough,Female,Indonesia,Bali,2/21/2021 12:00:00 AM,2021,February
125,Rosanne,Whyborn,Female,Indonesia,West Papua,2/17/2021 12:00:00 AM,2021,February
126,Tanney,Rabb,Male,Indonesia,Special Capital Region of Jakarta,2/23/2021 12:00:00 AM,2021,February
127,Troy,Maciunas,Male,Indonesia,Aceh,2/19/2021 12:00:00 AM,2021,February
128,Trever,Brewett,Female,Indonesia,South Sulawesi,1/21/2021 12:00:00 AM,2021,January
129,Alford,Maplesden,Male,Indonesia,West Papua,2/8/2021 12:00:00 AM,2021,February
130,Dennison,Orsman,Male,Indonesia,West Sumatra,3/8/2021 12:00:00 AM,2021,March
131,Katine,McMains,Female,Indonesia,West Sulawesi,1/16/2021 12:00:00 AM,2021,January
132,Phaedra,Otto,Female,Indonesia,West Nusa Tenggara,1/18/2021 12:00:00 AM,2021,January
133,Joellyn,Munkley,Male,Indonesia,West Sulawesi,2/9/2021 12:00:00 AM,2021,February
134,Sorcha,McKintosh,Female,Indonesia,Gorontalo,2/15/2021 12:00:00 AM,2021,February
135,Pierson,Truluck,Male,Indonesia,Southeast Sulawesi,1/25/2021 12:00:00 AM,2021,January
136,Odey,Orbon,Female,Indonesia,Maluku,1/9/2021 12:00:00 AM,2021,January
137,Alexi,Weinmann,Male,Indonesia,West Java,1/21/2021 12:00:00 AM,2021,January
138,Franzen,Castellet,Female,Indonesia,Bengkulu,3/9/2021 12:00:00 AM,2021,March
139,Gwynne,O'Corhane,Female,Indonesia,Lampung,1/30/2021 12:00:00 AM,2021,January
140,Evaleen,Gritten,Female,Indonesia,Central Sulawesi,3/21/2021 12:00:00 AM,2021,March
141,Jenine,Money,Male,Indonesia,Special Region of Yogyakarta,1/25/2021 12:00:00 AM,2021,January
142,Horton,Lutzmann,Female,Indonesia,Jambi,1/8/2021 12:00:00 AM,2021,January
143,Brigit,Piele,Male,Indonesia,West Java,1/26/2021 12:00:00 AM,2021,January
144,Marris,Jefferd,Male,Indonesia,West Java,1/9/2021 12:00:00 AM,2021,January
145,Benoit,Romanet,Male,Indonesia,North Maluku,3/19/2021 12:00:00 AM,2021,March
146,Lancelot,Goodrum,Male,Indonesia,North Maluku,1/21/2021 12:00:00 AM,2021,January
147,Editha,Purser,Male,Indonesia,Gorontalo,1/10/2021 12:00:00 AM,2021,January
148,Cheslie,Brideau,Male,Indonesia,Maluku,2/17/2021 12:00:00 AM,2021,February
149,Euell,Rossant,Female,Indonesia,Maluku,2/19/2021 12:00:00 AM,2021,February
150,Emalia,Browning,Female,Indonesia,East Nusa Tenggara,2/1/2021 12:00:00 AM,2021,February
151,Barthel,Maas,Male,Indonesia,West Kalimantan,2/12/2021 12:00:00 AM,2021,February
152,Merna,Klimkowski,Male,Indonesia,Southeast Sulawesi,1/29/2021 12:00:00 AM,2021,January
153,Cy,Agutter,Male,Indonesia,Riau Islands,1/24/2021 12:00:00 AM,2021,January
154,Riobard,O Mullen,Female,Indonesia,Maluku,1/25/2021 12:00:00 AM,2021,January
155,Lusa,Cock,Male,Indonesia,Riau Islands,1/27/2021 12:00:00 AM,2021,January
156,Way,Manicom,Male,Indonesia,South Sulawesi,1/14/2021 12:00:00 AM,2021,January
157,Noami,Glozman,Female,Indonesia,South Sumatra,2/1/2021 12:00:00 AM,2021,February
158,Kaleb,Vedeshkin,Male,Indonesia,West Java,3/9/2021 12:00:00 AM,2021,March
159,Dorey,Luthwood,Female,Indonesia,Bangka Belitung Islands,1/5/2021 12:00:00 AM,2021,January
160,Nonna,Camous,Male,Indonesia,Aceh,1/1/2021 12:00:00 AM,2021,January
161,Peirce,Figure,Male,Indonesia,West Kalimantan,2/21/2021 12:00:00 AM,2021,February
162,Dorian,Heavy,Male,Indonesia,Special Region of Yogyakarta,1/29/2021 12:00:00 AM,2021,January
163,Bartie,Hamblen,Female,Indonesia,Papua,2/18/2021 12:00:00 AM,2021,February
164,Gerladina,Minty,Female,Indonesia,Special Region of Yogyakarta,1/30/2021 12:00:00 AM,2021,January
165,Charin,Mattheus,Female,Indonesia,Central Java,1/27/2021 12:00:00 AM,2021,January
166,Lauralee,Timcke,Male,Indonesia,South Sumatra,1/17/2021 12:00:00 AM,2021,January
167,Inesita,Karran,Female,Indonesia,Southeast Sulawesi,3/6/2021 12:00:00 AM,2021,March
168,Lulita,Bevar,Female,Indonesia,Bangka Belitung Islands,1/6/2021 12:00:00 AM,2021,January
169,Inger,Porritt,Male,Indonesia,West Papua,2/3/2021 12:00:00 AM,2021,February
170,Drusilla,Houselee,Female,Indonesia,West Kalimantan,2/17/2021 12:00:00 AM,2021,February
171,Oralie,Tetsall,Male,Indonesia,East Nusa Tenggara,2/2/2021 12:00:00 AM,2021,February
172,Delores,Sandwick,Male,Indonesia,Riau Islands,1/8/2021 12:00:00 AM,2021,January
173,Brenden,Muttitt,Male,Indonesia,Central Kalimantan,1/28/2021 12:00:00 AM,2021,January
174,Stanton,Lindenstrauss,Female,Indonesia,Special Capital Region of Jakarta,1/5/2021 12:00:00 AM,2021,January
175,Eleanore,Leythley,Male,Indonesia,East Nusa Tenggara,1/1/2021 12:00:00 AM,2021,January
176,Deny,Dumbrall,Female,Indonesia,East Kalimantan,1/27/2021 12:00:00 AM,2021,January
177,Trace,Whiterod,Male,Indonesia,South Sulawesi,2/12/2021 12:00:00 AM,2021,February
178,Ursuline,Gooda,Female,Indonesia,Jambi,3/13/2021 12:00:00 AM,2021,March
179,Cathyleen,Ghidoni,Female,Indonesia,South Kalimantan,3/1/2021 12:00:00 AM,2021,March
180,Minni,McCathy,Male,Indonesia,Aceh,2/26/2021 12:00:00 AM,2021,February
181,Binny,Prattin,Male,Indonesia,Papua,1/5/2021 12:00:00 AM,2021,January
182,Candace,Beaze,Male,Indonesia,Special Region of Yogyakarta,3/14/2021 12:00:00 AM,2021,March
183,Eldin,Tethcote,Male,Indonesia,East Java,1/23/2021 12:00:00 AM,2021,January
184,Shamus,Yair,Male,Indonesia,West Papua,2/19/2021 12:00:00 AM,2021,February
185,Josiah,Feavers,Male,Indonesia,South Kalimantan,1/23/2021 12:00:00 AM,2021,January
186,Uri,Welburn,Male,Indonesia,Central Kalimantan,1/14/2021 12:00:00 AM,2021,January
187,Lizette,Van Oord,Female,Indonesia,West Java,3/8/2021 12:00:00 AM,2021,March
188,Viv,Brookes,Male,Indonesia,Maluku,3/15/2021 12:00:00 AM,2021,March
189,Anastassia,Martignon,Female,Indonesia,Jambi,1/1/2021 12:00:00 AM,2021,January
190,Celinka,LeEstut,Male,Indonesia,West Papua,2/10/2021 12:00:00 AM,2021,February
191,Othilie,Brundell,Male,Indonesia,Special Capital Region of Jakarta,1/3/2021 12:00:00 AM,2021,January
192,Sonny,Everson,Female,Indonesia,West Nusa Tenggara,1/3/2021 12:00:00 AM,2021,January
193,Vickie,Benzie,Female,Indonesia,Bengkulu,2/13/2021 12:00:00 AM,2021,February
194,Kelli,Piwell,Male,Indonesia,West Nusa Tenggara,1/1/2021 12:00:00 AM,2021,January
195,Matelda,Elderidge,Female,Indonesia,Maluku,1/16/2021 12:00:00 AM,2021,January
196,Minette,Lampel,Female,Indonesia,North Maluku,3/16/2021 12:00:00 AM,2021,March
197,Elwin,Klejin,Female,Indonesia,West Sulawesi,3/7/2021 12:00:00 AM,2021,March
198,Romona,Kubala,Male,Indonesia,West Sulawesi,1/15/2021 12:00:00 AM,2021,January
199,Francesco,Le Noury,Female,Indonesia,Banten,1/27/2021 12:00:00 AM,2021,January
200,Cortney,Cumine,Female,Indonesia,Riau,2/27/2021 12:00:00 AM,2021,February
201,Aurore,Mowsdill,Male,Indonesia,Gorontalo,2/26/2021 12:00:00 AM,2021,February
202,Miquela,Webberley,Male,Indonesia,Special Region of Yogyakarta,2/4/2021 12:00:00 AM,2021,February
203,Skipper,Hagstone,Female,Indonesia,Aceh,3/11/2021 12:00:00 AM,2021,March
204,Dionne,Lagadu,Male,Indonesia,West Nusa Tenggara,2/21/2021 12:00:00 AM,2021,February
205,Lanie,McCullouch,Male,Indonesia,West Java,3/20/2021 12:00:00 AM,2021,March
206,Tiphany,Kuhnhardt,Female,Indonesia,Banten,1/19/2021 12:00:00 AM,2021,January
207,Ashley,Asipenko,Female,Indonesia,North Maluku,3/17/2021 12:00:00 AM,2021,March
208,Rebekkah,Mogford,Female,Indonesia,Bangka Belitung Islands,3/19/2021 12:00:00 AM,2021,March
209,Jed,Turle,Female,Indonesia,West Java,1/12/2021 12:00:00 AM,2021,January
210,Laurella,Zupo,Male,Indonesia,North Sulawesi,1/29/2021 12:00:00 AM,2021,January
211,Stevie,Fortoun,Female,Indonesia,North Maluku,1/26/2021 12:00:00 AM,2021,January
212,Janina,Killerby,Male,Indonesia,West Sulawesi,1/25/2021 12:00:00 AM,2021,January
213,Francesco,Prigg,Female,Indonesia,North Sumatra,2/20/2021 12:00:00 AM,2021,February
214,Luciano,Bottomley,Female,Indonesia,Bali,1/28/2021 12:00:00 AM,2021,January
215,Kori,Cardall,Female,Indonesia,West Kalimantan,2/15/2021 12:00:00 AM,2021,February
216,Anjela,Essex,Male,Indonesia,North Maluku,1/19/2021 12:00:00 AM,2021,January
217,Benedick,Franklen,Female,Indonesia,Bengkulu,1/10/2021 12:00:00 AM,2021,January
218,Jillene,Lunney,Female,Indonesia,South Sumatra,1/31/2021 12:00:00 AM,2021,January
219,Madge,Filan,Male,Indonesia,West Kalimantan,1/15/2021 12:00:00 AM,2021,January
220,Celinka,Cordeau],Male,Indonesia,Southeast Sulawesi,1/18/2021 12:00:00 AM,2021,January
221,Lulita,Chadwen,Female,Indonesia,Aceh,1/19/2021 12:00:00 AM,2021,January
222,Verena,Jerg,Female,Indonesia,Southeast Sulawesi,2/2/2021 12:00:00 AM,2021,February
223,Ilene,Dyka,Male,Indonesia,South Sumatra,3/5/2021 12:00:00 AM,2021,March
224,Noam,Withull,Male,Indonesia,Southeast Sulawesi,1/26/2021 12:00:00 AM,2021,January
225,Salvidor,Lernihan,Male,Indonesia,Bangka Belitung Islands,2/11/2021 12:00:00 AM,2021,February
226,Sibley,Brunnstein,Male,Indonesia,East Kalimantan,3/15/2021 12:00:00 AM,2021,March
227,Camel,Fassum,Male,Indonesia,North Sumatra,1/19/2021 12:00:00 AM,2021,January
228,Ripley,Margrem,Female,Indonesia,East Nusa Tenggara,2/17/2021 12:00:00 AM,2021,February
229,Noellyn,Scougall,Male,Indonesia,Bengkulu,3/12/2021 12:00:00 AM,2021,March
230,Ceil,Pierton,Female,Indonesia,Banten,3/8/2021 12:00:00 AM,2021,March
231,Davie,Woodsford,Male,Indonesia,East Nusa Tenggara,2/17/2021 12:00:00 AM,2021,February
232,Paxton,Sidaway,Male,Indonesia,South Sulawesi,2/9/2021 12:00:00 AM,2021,February
233,Ruby,Hardy-Piggin,Male,Indonesia,West Java,2/24/2021 12:00:00 AM,2021,February
234,Tiffie,Roja,Female,Indonesia,Central Sulawesi,2/22/2021 12:00:00 AM,2021,February
235,Lloyd,Edrich,Female,Indonesia,South Sulawesi,2/21/2021 12:00:00 AM,2021,February
236,Minda,Esson,Female,Indonesia,Special Capital Region of Jakarta,3/4/2021 12:00:00 AM,2021,March
237,Petunia,Dayley,Female,Indonesia,Gorontalo,1/7/2021 12:00:00 AM,2021,January
238,Melony,Fallowfield,Female,Indonesia,Central Sulawesi,1/26/2021 12:00:00 AM,2021,January
239,Merilee,Haslegrave,Female,Indonesia,West Nusa Tenggara,3/10/2021 12:00:00 AM,2021,March
240,Engelbert,Desouza,Female,Indonesia,Gorontalo,1/15/2021 12:00:00 AM,2021,January
241,Rhodia,Leathwood,Male,Indonesia,North Maluku,3/4/2021 12:00:00 AM,2021,March
242,Gustav,Fadian,Female,Indonesia,West Sumatra,2/8/2021 12:00:00 AM,2021,February
243,Hillary,Labdon,Female,Indonesia,West Kalimantan,3/13/2021 12:00:00 AM,2021,March
244,Zita,Tackley,Male,Indonesia,Aceh,3/12/2021 12:00:00 AM,2021,March
245,Caro,Deme,Female,Indonesia,Papua,1/23/2021 12:00:00 AM,2021,January
246,Irwin,Wollers,Female,Indonesia,North Kalimantan,1/16/2021 12:00:00 AM,2021,January
247,Sharona,O'Dare,Male,Indonesia,East Kalimantan,3/6/2021 12:00:00 AM,2021,March
248,Rickie,Terris,Male,Indonesia,Southeast Sulawesi,1/28/2021 12:00:00 AM,2021,January
249,Guthrie,Kennady,Female,Indonesia,West Nusa Tenggara,1/4/2021 12:00:00 AM,2021,January
250,Cammi,Jorg,Male,Indonesia,East Kalimantan,1/6/2021 12:00:00 AM,2021,January
251,Ilsa,Duny,Male,Indonesia,South Kalimantan,3/15/2021 12:00:00 AM,2021,March
252,Danita,Dargie,Male,Indonesia,East Nusa Tenggara,1/19/2021 12:00:00 AM,2021,January
253,Itch,Van den Velden,Male,Indonesia,North Sulawesi,1/3/2021 12:00:00 AM,2021,January
254,Amandy,Edrich,Female,Indonesia,Central Java,1/31/2021 12:00:00 AM,2021,January
255,Fara,Halls,Male,Indonesia,Banten,3/11/2021 12:00:00 AM,2021,March
256,Marlo,Chong,Female,Indonesia,South Sulawesi,3/21/2021 12:00:00 AM,2021,March
257,Laina,Spyby,Female,Indonesia,Riau Islands,2/6/2021 12:00:00 AM,2021,February
258,Reinald,Klemmt,Female,Indonesia,Banten,2/5/2021 12:00:00 AM,2021,February
259,Hyacintha,Iacobini,Male,Indonesia,Bengkulu,3/15/2021 12:00:00 AM,2021,March
260,Rourke,Skpsey,Female,Indonesia,Central Java,1/24/2021 12:00:00 AM,2021,January
261,Martie,Boissier,Female,Indonesia,Central Kalimantan,3/4/2021 12:00:00 AM,2021,March
262,Arin,Le febre,Male,Indonesia,West Papua,3/1/2021 12:00:00 AM,2021,March
263,Celie,McGillreich,Female,Indonesia,West Sulawesi,3/14/2021 12:00:00 AM,2021,March
264,Erinna,Reiach,Male,Indonesia,Riau,3/14/2021 12:00:00 AM,2021,March
265,Rosalie,Mordue,Female,Indonesia,South Sumatra,1/12/2021 12:00:00 AM,2021,January
266,Zeb,Koba,Male,Indonesia,Jambi,1/8/2021 12:00:00 AM,2021,January
267,Chelsey,Filewood,Male,Indonesia,North Kalimantan,1/23/2021 12:00:00 AM,2021,January
268,Kassey,Shipley,Male,Indonesia,West Nusa Tenggara,2/17/2021 12:00:00 AM,2021,February
269,Grace,Lynthal,Female,Indonesia,Aceh,1/1/2021 12:00:00 AM,2021,January
270,Arlene,Rioch,Female,Indonesia,Bangka Belitung Islands,1/23/2021 12:00:00 AM,2021,January
271,Sarene,Mullender,Male,Indonesia,Aceh,3/13/2021 12:00:00 AM,2021,March
272,Fayette,Burgher,Female,Indonesia,Bangka Belitung Islands,2/25/2021 12:00:00 AM,2021,February
273,Cheslie,Cossington,Male,Indonesia,Central Sulawesi,2/26/2021 12:00:00 AM,2021,February
274,Orel,Lishman,Male,Indonesia,Maluku,2/8/2021 12:00:00 AM,2021,February
275,Kalina,Simonassi,Female,Indonesia,West Java,1/5/2021 12:00:00 AM,2021,January
276,Gabriel,Siveter,Female,Indonesia,South Sulawesi,2/20/2021 12:00:00 AM,2021,February
277,Carlyn,Matkin,Female,Indonesia,Central Sulawesi,2/3/2021 12:00:00 AM,2021,February
278,Dre,Dundin,Male,Indonesia,West Nusa Tenggara,2/1/2021 12:00:00 AM,2021,February
279,Corey,Burchfield,Female,Indonesia,Central Sulawesi,1/19/2021 12:00:00 AM,2021,January
280,Car,Woehler,Female,Indonesia,Southeast Sulawesi,3/21/2021 12:00:00 AM,2021,March
281,Ricky,Bagster,Female,Indonesia,Special Capital Region of Jakarta,2/14/2021 12:00:00 AM,2021,February
282,Laney,Stares,Female,Indonesia,West Java,2/10/2021 12:00:00 AM,2021,February
283,Morissa,Hamlen,Female,Indonesia,Bali,1/31/2021 12:00:00 AM,2021,January
284,Sunshine,Kupisz,Male,Indonesia,North Kalimantan,2/11/2021 12:00:00 AM,2021,February
285,Leicester,Pude,Male,Indonesia,Gorontalo,3/4/2021 12:00:00 AM,2021,March
286,Antonietta,Spencers,Female,Indonesia,West Papua,3/9/2021 12:00:00 AM,2021,March
287,Valida,Siseland,Male,Indonesia,North Kalimantan,1/11/2021 12:00:00 AM,2021,January
288,Chic,Oxnam,Female,Indonesia,North Sulawesi,2/20/2021 12:00:00 AM,2021,February
289,Ealasaid,Gambrell,Female,Indonesia,Aceh,3/9/2021 12:00:00 AM,2021,March
290,Cart,Wray,Female,Indonesia,West Nusa Tenggara,1/8/2021 12:00:00 AM,2021,January
291,Briano,Snape,Female,Indonesia,Riau Islands,3/6/2021 12:00:00 AM,2021,March
292,Maia,Tireman,Female,Indonesia,Lampung,1/8/2021 12:00:00 AM,2021,January
293,Rafaello,Mapowder,Male,Indonesia,South Sulawesi,1/6/2021 12:00:00 AM,2021,January
294,Lilah,Prati,Female,Indonesia,West Java,1/15/2021 12:00:00 AM,2021,January
295,Kassie,Kinchington,Female,Indonesia,Riau Islands,3/20/2021 12:00:00 AM,2021,March
296,Jammie,Messam,Male,Indonesia,Riau Islands,3/19/2021 12:00:00 AM,2021,March
297,Gratia,Panter,Female,Indonesia,West Papua,1/3/2021 12:00:00 AM,2021,January
298,Mattheus,Menure,Female,Indonesia,Bangka Belitung Islands,3/12/2021 12:00:00 AM,2021,March
299,Cordey,Perkinson,Female,Indonesia,East Nusa Tenggara,1/13/2021 12:00:00 AM,2021,January
300,Erena,Gawn,Female,Indonesia,West Java,2/17/2021 12:00:00 AM,2021,February
301,Averyl,Muddle,Female,Indonesia,Riau Islands,1/11/2021 12:00:00 AM,2021,January
302,Giorgi,Filewood,Male,Indonesia,South Sulawesi,2/6/2021 12:00:00 AM,2021,February
303,Katalin,Gorstidge,Male,Indonesia,East Java,1/2/2021 12:00:00 AM,2021,January
304,Bourke,Paragreen,Female,Indonesia,Central Sulawesi,2/5/2021 12:00:00 AM,2021,February
305,Julee,Hoy,Female,Indonesia,Central Kalimantan,2/8/2021 12:00:00 AM,2021,February
306,Rollins,Gomme,Male,Indonesia,Bangka Belitung Islands,1/16/2021 12:00:00 AM,2021,January
307,Harvey,Simo,Female,Indonesia,West Sumatra,1/20/2021 12:00:00 AM,2021,January
308,Skelly,Honig,Female,Indonesia,West Sulawesi,1/14/2021 12:00:00 AM,2021,January
309,Sharla,Mundow,Female,Indonesia,West Nusa Tenggara,3/20/2021 12:00:00 AM,2021,March
310,Justine,Peat,Female,Indonesia,Gorontalo,2/26/2021 12:00:00 AM,2021,February
311,Otes,Acreman,Male,Indonesia,West Kalimantan,2/4/2021 12:00:00 AM,2021,February
312,Tammy,Clutterbuck,Female,Indonesia,Special Capital Region of Jakarta,1/18/2021 12:00:00 AM,2021,January
313,Olimpia,Marsden,Male,Indonesia,West Nusa Tenggara,2/17/2021 12:00:00 AM,2021,February
314,Leoline,Mildner,Male,Indonesia,West Kalimantan,2/14/2021 12:00:00 AM,2021,February
315,Noble,Corballis,Male,Indonesia,Lampung,3/5/2021 12:00:00 AM,2021,March
316,Montague,Noar,Female,Indonesia,Southeast Sulawesi,2/14/2021 12:00:00 AM,2021,February
317,Roobbie,Di Maria,Male,Indonesia,Special Region of Yogyakarta,2/25/2021 12:00:00 AM,2021,February
318,Titus,Grishmanov,Female,Indonesia,Aceh,3/8/2021 12:00:00 AM,2021,March
319,Onfre,Bromhead,Male,Indonesia,Riau Islands,1/7/2021 12:00:00 AM,2021,January
320,Mikkel,Dilnot,Male,Indonesia,Riau,2/12/2021 12:00:00 AM,2021,February
321,Valeria,Michie,Female,Indonesia,Southeast Sulawesi,2/26/2021 12:00:00 AM,2021,February
322,Toiboid,Force,Male,Indonesia,Central Java,3/15/2021 12:00:00 AM,2021,March
323,Adolpho,Kobierski,Male,Indonesia,North Maluku,1/8/2021 12:00:00 AM,2021,January
324,Dagny,Abrahmer,Male,Indonesia,Riau,2/14/2021 12:00:00 AM,2021,February
325,Laney,Blackie,Female,Indonesia,Papua,2/5/2021 12:00:00 AM,2021,February
326,Maximo,Ingerman,Male,Indonesia,Special Region of Yogyakarta,3/5/2021 12:00:00 AM,2021,March
327,Delcina,Efford,Male,Indonesia,Central Sulawesi,2/26/2021 12:00:00 AM,2021,February
328,Annette,Overal,Male,Indonesia,Maluku,1/23/2021 12:00:00 AM,2021,January
329,Gilly,Giddens,Female,Indonesia,Central Sulawesi,2/7/2021 12:00:00 AM,2021,February
330,Meredithe,Hendrickx,Female,Indonesia,Southeast Sulawesi,1/16/2021 12:00:00 AM,2021,January
331,Jessa,Boorn,Female,Indonesia,Riau Islands,1/23/2021 12:00:00 AM,2021,January
332,Cyb,Creevy,Female,Indonesia,South Sulawesi,1/27/2021 12:00:00 AM,2021,January
333,Carlin,Kerin,Female,Indonesia,Riau,1/3/2021 12:00:00 AM,2021,January
334,Othella,Simukov,Female,Indonesia,Riau Islands,3/18/2021 12:00:00 AM,2021,March
335,Rafi,MacGebenay,Female,Indonesia,Gorontalo,1/5/2021 12:00:00 AM,2021,January
336,Katy,Dignam,Female,Indonesia,West Kalimantan,2/23/2021 12:00:00 AM,2021,February
337,Kathe,Twinterman,Male,Indonesia,South Sulawesi,1/12/2021 12:00:00 AM,2021,January
338,Roshelle,Brann,Male,Indonesia,Aceh,1/13/2021 12:00:00 AM,2021,January
339,Kippie,Bubear,Male,Indonesia,South Sumatra,3/12/2021 12:00:00 AM,2021,March
340,Gizela,Dash,Female,Indonesia,West Kalimantan,2/24/2021 12:00:00 AM,2021,February
341,Pascale,Harrison,Female,Indonesia,Bali,3/20/2021 12:00:00 AM,2021,March
342,Janene,Thurston,Male,Indonesia,North Sumatra,2/12/2021 12:00:00 AM,2021,February
343,Christan,Ravilious,Male,Indonesia,Bali,3/2/2021 12:00:00 AM,2021,March
344,Ninnetta,Piggens,Female,Indonesia,Banten,1/7/2021 12:00:00 AM,2021,January
345,Lise,La Croce,Male,Indonesia,Bengkulu,1/6/2021 12:00:00 AM,2021,January
346,Alejandro,Greenshiels,Female,Indonesia,Central Kalimantan,1/14/2021 12:00:00 AM,2021,January
347,Juliet,Demsey,Female,Indonesia,South Sulawesi,1/1/2021 12:00:00 AM,2021,January
348,Mirelle,Sizland,Male,Indonesia,West Sumatra,1/4/2021 12:00:00 AM,2021,January
349,Tally,Corbert,Female,Indonesia,West Papua,1/17/2021 12:00:00 AM,2021,January
350,Adele,Philippard,Male,Indonesia,East Nusa Tenggara,1/18/2021 12:00:00 AM,2021,January
351,Ina,Iapico,Male,Indonesia,West Papua,1/20/2021 12:00:00 AM,2021,January
352,Ernesto,Eggar,Male,Indonesia,Riau,3/5/2021 12:00:00 AM,2021,March
353,Davey,Dennett,Female,Indonesia,Papua,1/5/2021 12:00:00 AM,2021,January
354,Denise,Prigmore,Female,Indonesia,Lampung,2/14/2021 12:00:00 AM,2021,February
355,Corly,Verbrugge,Male,Indonesia,Riau,1/13/2021 12:00:00 AM,2021,January
356,Ianthe,Arthars,Male,Indonesia,Special Capital Region of Jakarta,3/6/2021 12:00:00 AM,2021,March
357,Pincus,Lapre,Male,Indonesia,West Papua,2/13/2021 12:00:00 AM,2021,February
358,Roi,Perfili,Female,Indonesia,West Papua,3/18/2021 12:00:00 AM,2021,March
359,Ninon,Lohden,Female,Indonesia,East Nusa Tenggara,2/27/2021 12:00:00 AM,2021,February
360,Olav,Bullivent,Female,Indonesia,West Sulawesi,3/16/2021 12:00:00 AM,2021,March
361,Bonnibelle,Blayd,Female,Indonesia,Bali,1/19/2021 12:00:00 AM,2021,January
362,Dewie,Mannagh,Female,Indonesia,North Sulawesi,2/24/2021 12:00:00 AM,2021,February
363,Galen,Pahler,Female,Indonesia,Gorontalo,3/17/2021 12:00:00 AM,2021,March
364,Cariotta,Crimpe,Female,Indonesia,East Kalimantan,2/28/2021 12:00:00 AM,2021,February
365,Norine,Probbings,Male,Indonesia,West Kalimantan,1/10/2021 12:00:00 AM,2021,January
366,Troy,Olenchenko,Female,Indonesia,West Nusa Tenggara,1/12/2021 12:00:00 AM,2021,January
367,Betteanne,Kitney,Male,Indonesia,West Java,1/1/2021 12:00:00 AM,2021,January
368,Fredrika,Bullman,Male,Indonesia,Central Java,2/17/2021 12:00:00 AM,2021,February
369,Noe,Kimbrey,Female,Indonesia,Gorontalo,3/8/2021 12:00:00 AM,2021,March
370,Ferd,Straker,Female,Indonesia,Central Sulawesi,1/19/2021 12:00:00 AM,2021,January
371,Gnni,Conan,Female,Indonesia,North Kalimantan,2/24/2021 12:00:00 AM,2021,February
372,Giovanni,Romney,Male,Indonesia,West Java,2/7/2021 12:00:00 AM,2021,February
373,Lissie,Mouser,Male,Indonesia,West Papua,2/5/2021 12:00:00 AM,2021,February
374,Parry,Cullinan,Male,Indonesia,Bali,3/11/2021 12:00:00 AM,2021,March
375,Jazmin,Pinkstone,Female,Indonesia,Special Capital Region of Jakarta,3/6/2021 12:00:00 AM,2021,March
376,Fred,Shetliff,Male,Indonesia,West Kalimantan,2/8/2021 12:00:00 AM,2021,February
377,Melisandra,Pryer,Female,Indonesia,East Nusa Tenggara,2/26/2021 12:00:00 AM,2021,February
378,Sullivan,Leyband,Female,Indonesia,Maluku,1/2/2021 12:00:00 AM,2021,January
379,Rutledge,Wadley,Male,Indonesia,East Kalimantan,3/13/2021 12:00:00 AM,2021,March
380,Anne-marie,Ick,Male,Indonesia,South Sulawesi,3/14/2021 12:00:00 AM,2021,March
381,Ad,Northcote,Male,Indonesia,Bengkulu,2/8/2021 12:00:00 AM,2021,February
382,Anabal,Wombwell,Male,Indonesia,South Sulawesi,1/21/2021 12:00:00 AM,2021,January
383,Elias,Binnes,Female,Indonesia,Southeast Sulawesi,2/17/2021 12:00:00 AM,2021,February
384,Lowrance,Horche,Female,Indonesia,Maluku,2/9/2021 12:00:00 AM,2021,February
385,Isacco,Tebbs,Female,Indonesia,Special Capital Region of Jakarta,2/25/2021 12:00:00 AM,2021,February
386,Evin,Issatt,Male,Indonesia,Jambi,2/22/2021 12:00:00 AM,2021,February
387,Elaine,Crutchley,Female,Indonesia,West Java,3/18/2021 12:00:00 AM,2021,March
388,Stephenie,Beesey,Male,Indonesia,Banten,2/23/2021 12:00:00 AM,2021,February
389,Bekki,Kelson,Male,Indonesia,West Sulawesi,2/7/2021 12:00:00 AM,2021,February
390,Ruben,Shallcross,Male,Indonesia,West Kalimantan,2/12/2021 12:00:00 AM,2021,February
391,Jessa,Hadwin,Female,Indonesia,South Sumatra,1/18/2021 12:00:00 AM,2021,January
392,Bari,Spraging,Female,Indonesia,Southeast Sulawesi,1/16/2021 12:00:00 AM,2021,January
393,Codie,Rochford,Male,Indonesia,West Sumatra,1/16/2021 12:00:00 AM,2021,January
394,Noelle,Rappaport,Male,Indonesia,Maluku,2/22/2021 12:00:00 AM,2021,February
395,Elisa,Snoddon,Female,Indonesia,Bengkulu,1/3/2021 12:00:00 AM,2021,January
396,Amity,Redwin,Female,Indonesia,West Sulawesi,2/8/2021 12:00:00 AM,2021,February
397,Craggy,Jatczak,Male,Indonesia,Lampung,1/22/2021 12:00:00 AM,2021,January
398,Cayla,Allawy,Female,Indonesia,Bali,3/7/2021 12:00:00 AM,2021,March
399,Bobette,Dewdney,Female,Indonesia,North Kalimantan,1/18/2021 12:00:00 AM,2021,January
400,Madelina,Giabuzzi,Female,Indonesia,Papua,1/7/2021 12:00:00 AM,2021,January
401,Ruthe,Nisby,Female,Indonesia,Banten,2/20/2021 12:00:00 AM,2021,February
402,Cart,Maltman,Male,Indonesia,Jambi,1/2/2021 12:00:00 AM,2021,January
403,Brook,Caudrelier,Female,Indonesia,South Sulawesi,3/11/2021 12:00:00 AM,2021,March
404,Leroi,Cowser,Female,Indonesia,Central Kalimantan,1/17/2021 12:00:00 AM,2021,January
405,Gustaf,Ilem,Male,Indonesia,West Kalimantan,3/13/2021 12:00:00 AM,2021,March
406,Jenifer,Gouinlock,Male,Indonesia,Central Java,2/7/2021 12:00:00 AM,2021,February
407,Jo-anne,Keenor,Female,Indonesia,Central Sulawesi,1/2/2021 12:00:00 AM,2021,January
408,Ruthe,Goodband,Male,Indonesia,Gorontalo,3/5/2021 12:00:00 AM,2021,March
409,Howie,Whaymand,Female,Indonesia,Gorontalo,1/20/2021 12:00:00 AM,2021,January
410,Douglas,Eisikovitsh,Male,Indonesia,Bangka Belitung Islands,3/14/2021 12:00:00 AM,2021,March
411,Kiersten,Skeates,Male,Indonesia,Banten,2/26/2021 12:00:00 AM,2021,February
412,Jackie,Padefield,Female,Indonesia,Banten,3/3/2021 12:00:00 AM,2021,March
413,Bran,Leahey,Female,Indonesia,Lampung,1/14/2021 12:00:00 AM,2021,January
414,Nonnah,Choffin,Female,Indonesia,West Nusa Tenggara,2/25/2021 12:00:00 AM,2021,February
415,Dev,Brookshaw,Female,Indonesia,West Sulawesi,2/27/2021 12:00:00 AM,2021,February
416,Stacia,Hyde-Chambers,Female,Indonesia,Lampung,2/25/2021 12:00:00 AM,2021,February
417,Fannie,De Benedetti,Female,Indonesia,West Sulawesi,2/3/2021 12:00:00 AM,2021,February
418,Alikee,Abthorpe,Female,Indonesia,Riau,2/3/2021 12:00:00 AM,2021,February
419,Elmer,Meake,Male,Indonesia,Banten,1/14/2021 12:00:00 AM,2021,January
420,Ogdon,Pitchers,Male,Indonesia,Central Sulawesi,1/20/2021 12:00:00 AM,2021,January
421,Lara,Geggie,Male,Indonesia,Lampung,3/3/2021 12:00:00 AM,2021,March
422,Yolanda,Hambers,Male,Indonesia,West Sulawesi,3/14/2021 12:00:00 AM,2021,March
423,Quintus,Hedau,Male,Indonesia,Special Region of Yogyakarta,2/28/2021 12:00:00 AM,2021,February
424,Shelbi,Ezzell,Male,Indonesia,Special Region of Yogyakarta,2/18/2021 12:00:00 AM,2021,February
425,Blisse,Bulstrode,Female,Indonesia,West Sumatra,2/17/2021 12:00:00 AM,2021,February
426,Grazia,Hodgets,Male,Indonesia,West Kalimantan,2/20/2021 12:00:00 AM,2021,February
427,Ulla,Grimshaw,Male,Indonesia,Southeast Sulawesi,1/21/2021 12:00:00 AM,2021,January
428,Clo,Biasioni,Female,Indonesia,Bali,3/17/2021 12:00:00 AM,2021,March
429,Hort,Siman,Female,Indonesia,East Nusa Tenggara,3/8/2021 12:00:00 AM,2021,March
430,Gizela,Gerritzen,Female,Indonesia,West Nusa Tenggara,3/13/2021 12:00:00 AM,2021,March
431,Gwenette,McKerlie,Male,Indonesia,North Maluku,3/20/2021 12:00:00 AM,2021,March
432,Marcille,Steptowe,Male,Indonesia,Maluku,3/16/2021 12:00:00 AM,2021,March
433,Walt,Corsor,Female,Indonesia,North Maluku,2/27/2021 12:00:00 AM,2021,February
434,Drud,Verick,Female,Indonesia,South Sumatra,1/24/2021 12:00:00 AM,2021,January
435,Angus,Rollins,Female,Indonesia,West Sumatra,3/1/2021 12:00:00 AM,2021,March
436,Isadore,Link,Male,Indonesia,East Java,2/14/2021 12:00:00 AM,2021,February
437,Derek,Pykerman,Male,Indonesia,West Nusa Tenggara,2/22/2021 12:00:00 AM,2021,February
438,Con,Wormleighton,Male,Indonesia,Bali,3/16/2021 12:00:00 AM,2021,March
439,Culley,Ramm,Male,Indonesia,Central Kalimantan,1/18/2021 12:00:00 AM,2021,January
440,Eliza,Birtwhistle,Male,Indonesia,Central Sulawesi,2/24/2021 12:00:00 AM,2021,February
441,Edna,Brolan,Male,Indonesia,Central Sulawesi,3/16/2021 12:00:00 AM,2021,March
442,Trevar,Merchant,Female,Indonesia,Central Java,3/3/2021 12:00:00 AM,2021,March
443,Llewellyn,Sturmey,Female,Indonesia,Gorontalo,2/8/2021 12:00:00 AM,2021,February
444,Georgiana,Bordman,Male,Indonesia,North Kalimantan,1/29/2021 12:00:00 AM,2021,January
445,Ernesto,Witten,Male,Indonesia,North Sulawesi,2/25/2021 12:00:00 AM,2021,February
446,Madelina,McPhaden,Female,Indonesia,Bali,1/6/2021 12:00:00 AM,2021,January
447,Delcine,Stockley,Male,Indonesia,Papua,3/2/2021 12:00:00 AM,2021,March
448,Dora,Ince,Male,Indonesia,South Kalimantan,2/15/2021 12:00:00 AM,2021,February
449,Guilbert,Christescu,Male,Indonesia,South Sumatra,3/10/2021 12:00:00 AM,2021,March
450,Avery,Kunath,Female,Indonesia,Central Java,2/4/2021 12:00:00 AM,2021,February
451,Alameda,Welburn,Male,Indonesia,Central Kalimantan,2/3/2021 12:00:00 AM,2021,February
452,Verne,Hurst,Male,Indonesia,Central Kalimantan,3/7/2021 12:00:00 AM,2021,March
453,Daren,Phettiplace,Male,Indonesia,Special Capital Region of Jakarta,3/16/2021 12:00:00 AM,2021,March
454,Munroe,Woodrup,Male,Indonesia,West Nusa Tenggara,1/21/2021 12:00:00 AM,2021,January
455,Cherilynn,Earingey,Male,Indonesia,Gorontalo,3/6/2021 12:00:00 AM,2021,March
456,Roth,Rieflin,Male,Indonesia,Bengkulu,2/18/2021 12:00:00 AM,2021,February
457,Lexine,Van Leijs,Female,Indonesia,East Kalimantan,1/14/2021 12:00:00 AM,2021,January
458,Tracie,Holyland,Male,Indonesia,Central Sulawesi,2/23/2021 12:00:00 AM,2021,February
459,Farand,Attwooll,Male,Indonesia,East Nusa Tenggara,3/21/2021 12:00:00 AM,2021,March
460,Goldy,Linge,Male,Indonesia,Bengkulu,3/5/2021 12:00:00 AM,2021,March
461,Anna-diane,Danelutti,Female,Indonesia,Special Region of Yogyakarta,2/24/2021 12:00:00 AM,2021,February
462,Randolph,Matyushonok,Female,Indonesia,Bali,1/31/2021 12:00:00 AM,2021,January
463,Bondie,Chesher,Male,Indonesia,North Kalimantan,2/27/2021 12:00:00 AM,2021,February
464,Arnold,Berks,Female,Indonesia,West Papua,3/2/2021 12:00:00 AM,2021,March
465,Gustaf,Ionnidis,Female,Indonesia,South Sumatra,3/14/2021 12:00:00 AM,2021,March
466,Vladimir,Coultard,Female,Indonesia,West Kalimantan,2/12/2021 12:00:00 AM,2021,February
467,Rochell,Padmore,Female,Indonesia,Bangka Belitung Islands,1/28/2021 12:00:00 AM,2021,January
468,Jany,Revell,Female,Indonesia,Bengkulu,2/3/2021 12:00:00 AM,2021,February
469,Adelaide,Yoxen,Female,Indonesia,East Java,1/13/2021 12:00:00 AM,2021,January
470,Sidoney,Goadsby,Male,Indonesia,Banten,1/21/2021 12:00:00 AM,2021,January
471,Christine,Skittle,Male,Indonesia,Special Capital Region of Jakarta,2/9/2021 12:00:00 AM,2021,February
472,Abby,Ohlsen,Male,Indonesia,Aceh,1/6/2021 12:00:00 AM,2021,January
473,Nedda,Tooting,Female,Indonesia,Lampung,1/4/2021 12:00:00 AM,2021,January
474,Cindelyn,Kindall,Female,Indonesia,Aceh,3/11/2021 12:00:00 AM,2021,March
475,Isobel,Heys,Male,Indonesia,Riau,2/18/2021 12:00:00 AM,2021,February
476,Marian,A'field,Female,Indonesia,West Sulawesi,2/19/2021 12:00:00 AM,2021,February
477,Decca,Bour,Female,Indonesia,North Kalimantan,2/14/2021 12:00:00 AM,2021,February
478,Sergent,Laterza,Male,Indonesia,Maluku,3/17/2021 12:00:00 AM,2021,March
479,Leonelle,Luthwood,Female,Indonesia,Central Java,1/15/2021 12:00:00 AM,2021,January
480,Andras,Darrel,Female,Indonesia,North Sulawesi,2/5/2021 12:00:00 AM,2021,February
481,Nikolai,Packman,Male,Indonesia,North Sulawesi,1/30/2021 12:00:00 AM,2021,January
482,Danica,Benjamin,Male,Indonesia,North Sumatra,3/8/2021 12:00:00 AM,2021,March
483,Ralina,Linnane,Male,Indonesia,South Kalimantan,2/20/2021 12:00:00 AM,2021,February
484,Kerry,Igounet,Female,Indonesia,Lampung,1/15/2021 12:00:00 AM,2021,January
485,Sabra,Wilhelmy,Female,Indonesia,East Nusa Tenggara,1/6/2021 12:00:00 AM,2021,January
486,Benito,Wayne,Female,Indonesia,Central Java,2/1/2021 12:00:00 AM,2021,February
487,Courtney,Tourmell,Male,Indonesia,Aceh,1/21/2021 12:00:00 AM,2021,January
488,Bess,Tuft,Female,Indonesia,East Nusa Tenggara,2/27/2021 12:00:00 AM,2021,February
489,Emilia,Vedmore,Female,Indonesia,East Java,1/25/2021 12:00:00 AM,2021,January
490,Maisey,McDuall,Male,Indonesia,West Kalimantan,3/21/2021 12:00:00 AM,2021,March
491,Timmi,Molfino,Male,Indonesia,Papua,1/31/2021 12:00:00 AM,2021,January
492,Ripley,Van Dale,Male,Indonesia,North Maluku,3/4/2021 12:00:00 AM,2021,March
493,Aymer,Trevena,Male,Indonesia,Special Capital Region of Jakarta,2/1/2021 12:00:00 AM,2021,February
494,Barbara,Skillings,Female,Indonesia,Bali,3/21/2021 12:00:00 AM,2021,March
495,Dav,Gransden,Female,Indonesia,North Sumatra,1/31/2021 12:00:00 AM,2021,January
496,Cinda,Klesel,Male,Indonesia,North Sumatra,1/21/2021 12:00:00 AM,2021,January
497,Ebenezer,Girodin,Female,Indonesia,Lampung,2/22/2021 12:00:00 AM,2021,February
498,Edsel,Mycroft,Male,Indonesia,West Kalimantan,2/1/2021 12:00:00 AM,2021,February
499,Ross,Danko,Female,Indonesia,South Sumatra,2/27/2021 12:00:00 AM,2021,February
500,John,Champneys,Female,Indonesia,Bengkulu,3/13/2021 12:00:00 AM,2021,March
501,Woodie,Ellerton,Female,Indonesia,Riau,2/5/2021 12:00:00 AM,2021,February
502,Vickie,Bosward,Male,Indonesia,Central Sulawesi,1/22/2021 12:00:00 AM,2021,January
503,Demetris,Domenichini,Male,Indonesia,North Sulawesi,2/6/2021 12:00:00 AM,2021,February
504,Lukas,Strapp,Female,Indonesia,South Kalimantan,1/1/2021 12:00:00 AM,2021,January
505,Estelle,Bartolomeoni,Male,Indonesia,West Nusa Tenggara,1/24/2021 12:00:00 AM,2021,January
506,Charlotte,Kill,Female,Indonesia,Banten,1/29/2021 12:00:00 AM,2021,January
507,Aubry,Colleck,Male,Indonesia,South Kalimantan,3/11/2021 12:00:00 AM,2021,March
508,Denys,Fawckner,Male,Indonesia,South Kalimantan,1/10/2021 12:00:00 AM,2021,January
509,Rhetta,Millett,Female,Indonesia,Southeast Sulawesi,1/25/2021 12:00:00 AM,2021,January
510,Orville,Pentelo,Female,Indonesia,West Nusa Tenggara,2/4/2021 12:00:00 AM,2021,February
511,Bealle,Eggle,Male,Indonesia,Special Capital Region of Jakarta,3/9/2021 12:00:00 AM,2021,March
512,Heather,Dulling,Male,Indonesia,Aceh,2/22/2021 12:00:00 AM,2021,February
513,Cale,Vasyatkin,Male,Indonesia,Central Sulawesi,2/12/2021 12:00:00 AM,2021,February
514,Sullivan,Dray,Female,Indonesia,South Kalimantan,2/16/2021 12:00:00 AM,2021,February
515,Sallie,Easterfield,Male,Indonesia,Jambi,1/13/2021 12:00:00 AM,2021,January
516,Gabrila,Tabrett,Female,Indonesia,Papua,2/20/2021 12:00:00 AM,2021,February
517,Nadiya,Ridgway,Male,Indonesia,Central Sulawesi,1/13/2021 12:00:00 AM,2021,January
518,Frankie,Agott,Female,Indonesia,East Nusa Tenggara,2/27/2021 12:00:00 AM,2021,February
519,Daile,Baggallay,Male,Indonesia,Jambi,2/11/2021 12:00:00 AM,2021,February
520,Corette,Lukes,Male,Indonesia,West Sulawesi,3/12/2021 12:00:00 AM,2021,March
521,Laurel,Busst,Male,Indonesia,Jambi,2/15/2021 12:00:00 AM,2021,February
522,Kendre,Coton,Male,Indonesia,West Papua,2/28/2021 12:00:00 AM,2021,February
523,Dorothea,Davson,Female,Indonesia,East Kalimantan,1/20/2021 12:00:00 AM,2021,January
524,Dasie,Wharf,Male,Indonesia,Bangka Belitung Islands,3/3/2021 12:00:00 AM,2021,March
525,Myrilla,Jakubczyk,Male,Indonesia,South Sulawesi,1/13/2021 12:00:00 AM,2021,January
526,Beatrisa,De Gogay,Male,Indonesia,Central Sulawesi,1/12/2021 12:00:00 AM,2021,January
527,Craggie,Varvell,Male,Indonesia,Gorontalo,3/4/2021 12:00:00 AM,2021,March
528,Rory,Abramof,Female,Indonesia,Southeast Sulawesi,1/6/2021 12:00:00 AM,2021,January
529,Che,Creighton,Male,Indonesia,Maluku,3/12/2021 12:00:00 AM,2021,March
530,Darci,Champley,Female,Indonesia,Aceh,1/13/2021 12:00:00 AM,2021,January
531,Elia,Hearsum,Female,Indonesia,Riau,1/21/2021 12:00:00 AM,2021,January
532,Tanhya,Pedwell,Female,Indonesia,Central Java,2/28/2021 12:00:00 AM,2021,February
533,Nettle,Pimley,Female,Indonesia,Central Sulawesi,2/12/2021 12:00:00 AM,2021,February
534,Fleming,Trassler,Male,Indonesia,Riau,2/23/2021 12:00:00 AM,2021,February
535,Findlay,Neill,Male,Indonesia,South Sumatra,3/19/2021 12:00:00 AM,2021,March
536,Angel,Fulkes,Male,Indonesia,West Papua,1/31/2021 12:00:00 AM,2021,January
537,Rutherford,Rentoll,Female,Indonesia,West Sumatra,2/18/2021 12:00:00 AM,2021,February
538,Aurora,Deam,Female,Indonesia,North Maluku,2/8/2021 12:00:00 AM,2021,February
539,Ardra,Boud,Female,Indonesia,Riau,1/27/2021 12:00:00 AM,2021,January
540,Tracy,Screen,Male,Indonesia,Lampung,2/21/2021 12:00:00 AM,2021,February
541,Rosemaria,Audley,Female,Indonesia,West Kalimantan,1/28/2021 12:00:00 AM,2021,January
542,Ella,Edy,Male,Indonesia,South Kalimantan,2/2/2021 12:00:00 AM,2021,February
543,Nanine,Beadon,Male,Indonesia,North Sumatra,3/4/2021 12:00:00 AM,2021,March
544,Zebulen,Chrismas,Female,Indonesia,Bengkulu,1/8/2021 12:00:00 AM,2021,January
545,Anna,Geraudy,Female,Indonesia,Bangka Belitung Islands,2/8/2021 12:00:00 AM,2021,February
546,Willis,Sheasby,Female,Indonesia,West Sumatra,1/7/2021 12:00:00 AM,2021,January
547,Lucretia,O'Hara,Female,Indonesia,Riau,2/1/2021 12:00:00 AM,2021,February
548,Aeriel,Brech,Female,Indonesia,West Sulawesi,2/13/2021 12:00:00 AM,2021,February
549,Quincey,Guillon,Male,Indonesia,Maluku,3/6/2021 12:00:00 AM,2021,March
550,Augie,Doidge,Female,Indonesia,Riau,3/11/2021 12:00:00 AM,2021,March
551,Terry,Grishanov,Male,Indonesia,South Sulawesi,3/5/2021 12:00:00 AM,2021,March
552,Korey,Hatje,Male,Indonesia,Central Sulawesi,2/11/2021 12:00:00 AM,2021,February
553,Halli,Brayford,Male,Indonesia,Bengkulu,1/25/2021 12:00:00 AM,2021,January
554,Tadio,Baddeley,Male,Indonesia,Central Kalimantan,2/11/2021 12:00:00 AM,2021,February
555,Kaylee,Canepe,Male,Indonesia,Special Capital Region of Jakarta,3/10/2021 12:00:00 AM,2021,March
556,Elijah,Mitchel,Male,Indonesia,Bangka Belitung Islands,1/24/2021 12:00:00 AM,2021,January
557,Adoree,Wellard,Female,Indonesia,Bengkulu,3/14/2021 12:00:00 AM,2021,March
558,Rozina,Taffie,Male,Indonesia,West Sulawesi,3/4/2021 12:00:00 AM,2021,March
559,Branden,Caroline,Female,Indonesia,East Kalimantan,2/19/2021 12:00:00 AM,2021,February
560,Caritta,Riccelli,Male,Indonesia,North Sumatra,1/12/2021 12:00:00 AM,2021,January
561,Early,Crowche,Male,Indonesia,Central Sulawesi,2/17/2021 12:00:00 AM,2021,February
562,Tanhya,Gutch,Female,Indonesia,North Maluku,3/1/2021 12:00:00 AM,2021,March
563,Ilse,McGaraghan,Male,Indonesia,Maluku,1/8/2021 12:00:00 AM,2021,January
564,Gwenny,Braund,Female,Indonesia,Jambi,1/15/2021 12:00:00 AM,2021,January
565,Rafaelita,Cordie,Female,Indonesia,Central Java,3/6/2021 12:00:00 AM,2021,March
566,Waverley,Andreucci,Female,Indonesia,Bengkulu,2/18/2021 12:00:00 AM,2021,February
567,Chelsea,Lambkin,Male,Indonesia,Special Region of Yogyakarta,2/11/2021 12:00:00 AM,2021,February
568,Amalea,Tureville,Female,Indonesia,Special Capital Region of Jakarta,3/17/2021 12:00:00 AM,2021,March
569,Pauline,Burness,Male,Indonesia,West Sumatra,2/2/2021 12:00:00 AM,2021,February
570,Brocky,Lermouth,Female,Indonesia,South Sulawesi,1/26/2021 12:00:00 AM,2021,January
571,Debee,Musselwhite,Female,Indonesia,Central Java,2/26/2021 12:00:00 AM,2021,February
572,Lidia,Reddyhoff,Male,Indonesia,West Sumatra,2/21/2021 12:00:00 AM,2021,February
573,Merrilee,Gurge,Female,Indonesia,Special Capital Region of Jakarta,2/19/2021 12:00:00 AM,2021,February
574,Codie,Anglim,Male,Indonesia,Lampung,1/4/2021 12:00:00 AM,2021,January
575,Jacobo,Dimelow,Male,Indonesia,Lampung,3/11/2021 12:00:00 AM,2021,March
576,Caryl,Avann,Male,Indonesia,South Kalimantan,3/5/2021 12:00:00 AM,2021,March
577,Ibrahim,Scaice,Male,Indonesia,South Sulawesi,1/24/2021 12:00:00 AM,2021,January
578,Christina,Copas,Male,Indonesia,Riau Islands,2/9/2021 12:00:00 AM,2021,February
579,Pat,Beniesh,Female,Indonesia,Papua,3/20/2021 12:00:00 AM,2021,March
580,Sonni,Lynett,Male,Indonesia,Banten,3/18/2021 12:00:00 AM,2021,March
581,Prescott,Macauley,Female,Indonesia,North Sumatra,1/26/2021 12:00:00 AM,2021,January
582,Rayna,Derell,Female,Indonesia,Special Region of Yogyakarta,1/29/2021 12:00:00 AM,2021,January
583,Marilee,Mulbry,Male,Indonesia,South Sulawesi,2/19/2021 12:00:00 AM,2021,February
584,Chad,Hartegan,Female,Indonesia,South Kalimantan,1/21/2021 12:00:00 AM,2021,January
585,Edee,Dunseith,Male,Indonesia,West Sumatra,3/4/2021 12:00:00 AM,2021,March
586,Elsa,Lewnden,Female,Indonesia,West Java,1/2/2021 12:00:00 AM,2021,January
587,Ryan,Arrundale,Female,Indonesia,East Java,3/8/2021 12:00:00 AM,2021,March
588,Shaina,Ceillier,Male,Indonesia,Bali,1/11/2021 12:00:00 AM,2021,January
589,Lynsey,Hails,Male,Indonesia,Central Java,2/6/2021 12:00:00 AM,2021,February
590,Robin,Minogue,Female,Indonesia,Riau Islands,2/16/2021 12:00:00 AM,2021,February
591,Titos,Gunningham,Female,Indonesia,Papua,3/10/2021 12:00:00 AM,2021,March
592,Hunfredo,Hehir,Male,Indonesia,West Nusa Tenggara,2/17/2021 12:00:00 AM,2021,February
593,Nathanial,Wellstood,Male,Indonesia,Riau Islands,1/15/2021 12:00:00 AM,2021,January
594,Ancell,Quincee,Male,Indonesia,Lampung,2/16/2021 12:00:00 AM,2021,February
595,Hetty,Oakenfield,Male,Indonesia,Gorontalo,1/31/2021 12:00:00 AM,2021,January
596,Casey,Van den Velde,Female,Indonesia,Bangka Belitung Islands,1/25/2021 12:00:00 AM,2021,January
597,Bertrando,Bateman,Female,Indonesia,Special Capital Region of Jakarta,3/5/2021 12:00:00 AM,2021,March
598,James,Huntingdon,Female,Indonesia,Bali,3/18/2021 12:00:00 AM,2021,March
599,Frankie,Di Gregorio,Female,Indonesia,Lampung,1/24/2021 12:00:00 AM,2021,January
600,Jobey,Bendley,Female,Indonesia,Central Java,2/11/2021 12:00:00 AM,2021,February
601,Garvy,Lonsbrough,Male,Indonesia,West Nusa Tenggara,1/7/2021 12:00:00 AM,2021,January
602,Arleen,Vowden,Male,Indonesia,West Kalimantan,2/23/2021 12:00:00 AM,2021,February
603,Delmor,Hodges,Female,Indonesia,West Sumatra,3/8/2021 12:00:00 AM,2021,March
604,Jsandye,Withur,Male,Indonesia,Jambi,1/31/2021 12:00:00 AM,2021,January
605,Gabby,Doble,Female,Indonesia,Lampung,1/4/2021 12:00:00 AM,2021,January
606,Cob,Hadland,Male,Indonesia,Southeast Sulawesi,2/12/2021 12:00:00 AM,2021,February
607,Kennith,Errigo,Female,Indonesia,Banten,2/22/2021 12:00:00 AM,2021,February
608,Claudia,Brownrigg,Male,Indonesia,East Java,3/12/2021 12:00:00 AM,2021,March
609,Jaime,Sausman,Female,Indonesia,Papua,1/7/2021 12:00:00 AM,2021,January
610,Marcelline,Emmens,Male,Indonesia,Bangka Belitung Islands,1/10/2021 12:00:00 AM,2021,January
611,Jorgan,Donnelly,Female,Indonesia,North Maluku,2/10/2021 12:00:00 AM,2021,February
612,Jarib,Lewens,Female,Indonesia,Papua,2/15/2021 12:00:00 AM,2021,February
613,Eamon,Marsham,Male,Indonesia,Central Kalimantan,2/26/2021 12:00:00 AM,2021,February
614,Larine,Dennehy,Female,Indonesia,Special Region of Yogyakarta,3/5/2021 12:00:00 AM,2021,March
615,Marcille,Heinish,Male,Indonesia,Bali,3/9/2021 12:00:00 AM,2021,March
616,Ty,Zettler,Female,Indonesia,Lampung,2/9/2021 12:00:00 AM,2021,February
617,Finley,Gartenfeld,Female,Indonesia,Lampung,1/6/2021 12:00:00 AM,2021,January
618,Lorna,Dumke,Female,Indonesia,North Maluku,1/5/2021 12:00:00 AM,2021,January
619,Adeline,Jurkiewicz,Male,Indonesia,Bali,3/3/2021 12:00:00 AM,2021,March
620,Cherie,Ongin,Male,Indonesia,Central Java,2/25/2021 12:00:00 AM,2021,February
621,Nananne,Sans,Male,Indonesia,Special Region of Yogyakarta,1/25/2021 12:00:00 AM,2021,January
622,Aloisia,Mougel,Female,Indonesia,North Kalimantan,2/13/2021 12:00:00 AM,2021,February
623,Lorianne,Queste,Female,Indonesia,Bengkulu,2/26/2021 12:00:00 AM,2021,February
624,Nikos,Janiszewski,Female,Indonesia,Bangka Belitung Islands,1/13/2021 12:00:00 AM,2021,January
625,Lazar,Crosgrove,Female,Indonesia,Central Sulawesi,3/5/2021 12:00:00 AM,2021,March
626,Catlee,Inman,Female,Indonesia,South Sulawesi,2/11/2021 12:00:00 AM,2021,February
627,Cortie,Megson,Female,Indonesia,Bengkulu,1/8/2021 12:00:00 AM,2021,January
628,Janine,Rossbrooke,Male,Indonesia,North Kalimantan,3/1/2021 12:00:00 AM,2021,March
629,Maximilien,Watmore,Female,Indonesia,Jambi,2/17/2021 12:00:00 AM,2021,February
630,Fae,Bowfin,Female,Indonesia,West Sumatra,1/26/2021 12:00:00 AM,2021,January
631,Stan,Baines,Female,Indonesia,Central Sulawesi,1/8/2021 12:00:00 AM,2021,January
632,Debi,Tschersich,Female,Indonesia,Papua,2/9/2021 12:00:00 AM,2021,February
633,Bank,MacLaren,Male,Indonesia,Gorontalo,1/1/2021 12:00:00 AM,2021,January
634,Jenny,McKearnen,Female,Indonesia,Jambi,1/4/2021 12:00:00 AM,2021,January
635,Leonie,Edgeson,Female,Indonesia,Lampung,3/14/2021 12:00:00 AM,2021,March
636,Calla,Iacomi,Male,Indonesia,Southeast Sulawesi,2/6/2021 12:00:00 AM,2021,February
637,Diana,Hounsome,Male,Indonesia,South Sulawesi,3/16/2021 12:00:00 AM,2021,March
638,Cindi,Challender,Male,Indonesia,South Sumatra,3/13/2021 12:00:00 AM,2021,March
639,Sheelah,Ziemen,Male,Indonesia,Banten,1/23/2021 12:00:00 AM,2021,January
640,Perle,Tattoo,Male,Indonesia,Banten,3/16/2021 12:00:00 AM,2021,March
641,Maegan,Flahive,Male,Indonesia,Jambi,3/8/2021 12:00:00 AM,2021,March
642,Valery,Pudsey,Male,Indonesia,Banten,2/19/2021 12:00:00 AM,2021,February
643,Cayla,Diss,Male,Indonesia,Southeast Sulawesi,1/23/2021 12:00:00 AM,2021,January
644,Morie,Scattergood,Male,Indonesia,Central Sulawesi,3/14/2021 12:00:00 AM,2021,March
645,Warner,Eames,Male,Indonesia,West Sulawesi,1/5/2021 12:00:00 AM,2021,January
646,Neddie,Strafen,Male,Indonesia,Lampung,3/11/2021 12:00:00 AM,2021,March
647,Rhys,Wynch,Female,Indonesia,Maluku,2/24/2021 12:00:00 AM,2021,February
648,Sheilakathryn,Laffin,Female,Indonesia,West Kalimantan,2/10/2021 12:00:00 AM,2021,February
649,Christal,Reinbeck,Female,Indonesia,Papua,2/27/2021 12:00:00 AM,2021,February
650,Suzann,Clemencet,Female,Indonesia,North Kalimantan,3/7/2021 12:00:00 AM,2021,March
651,Mirabel,Ovington,Female,Indonesia,South Sumatra,1/28/2021 12:00:00 AM,2021,January
652,Connie,Kubelka,Female,Indonesia,Jambi,1/8/2021 12:00:00 AM,2021,January
653,Charlotta,Harly,Female,Indonesia,West Nusa Tenggara,2/21/2021 12:00:00 AM,2021,February
654,Augustina,Dumphries,Male,Indonesia,Riau Islands,1/18/2021 12:00:00 AM,2021,January
655,Merry,Soppitt,Male,Indonesia,Lampung,1/6/2021 12:00:00 AM,2021,January
656,Sherry,Rickardsson,Male,Indonesia,South Sumatra,2/11/2021 12:00:00 AM,2021,February
657,Gaylor,Peye,Female,Indonesia,East Kalimantan,3/14/2021 12:00:00 AM,2021,March
658,Janette,Varrow,Male,Indonesia,West Sulawesi,3/4/2021 12:00:00 AM,2021,March
659,Kirsti,Pane,Male,Indonesia,North Sumatra,2/15/2021 12:00:00 AM,2021,February
660,Lizabeth,Lovering,Male,Indonesia,West Nusa Tenggara,2/17/2021 12:00:00 AM,2021,February
661,Augustina,MacFaul,Male,Indonesia,North Sulawesi,3/13/2021 12:00:00 AM,2021,March
662,Annabella,Androlli,Male,Indonesia,Special Region of Yogyakarta,3/7/2021 12:00:00 AM,2021,March
663,Cully,Longstreeth,Male,Indonesia,Central Java,3/9/2021 12:00:00 AM,2021,March
664,Conant,Matt,Male,Indonesia,Central Kalimantan,1/30/2021 12:00:00 AM,2021,January
665,Kirsten,Tick,Male,Indonesia,East Kalimantan,3/16/2021 12:00:00 AM,2021,March
666,Spenser,Idell,Male,Indonesia,Bangka Belitung Islands,2/12/2021 12:00:00 AM,2021,February
667,Ansley,Hartle,Female,Indonesia,Papua,3/9/2021 12:00:00 AM,2021,March
668,Rupert,Brownsett,Male,Indonesia,Riau Islands,1/25/2021 12:00:00 AM,2021,January
669,Carolyn,Proffitt,Male,Indonesia,West Sumatra,3/20/2021 12:00:00 AM,2021,March
670,Glennis,Mingardo,Female,Indonesia,West Sulawesi,1/19/2021 12:00:00 AM,2021,January
671,Anatollo,Saynor,Female,Indonesia,West Java,2/3/2021 12:00:00 AM,2021,February
672,Guglielma,Philcox,Female,Indonesia,North Maluku,1/6/2021 12:00:00 AM,2021,January
673,Rita,McCandless,Male,Indonesia,North Sulawesi,2/24/2021 12:00:00 AM,2021,February
674,Amara,Parnaby,Female,Indonesia,Lampung,1/9/2021 12:00:00 AM,2021,January
675,Eleanore,Valentim,Male,Indonesia,South Sumatra,1/12/2021 12:00:00 AM,2021,January
676,Rolf,Bremeyer,Female,Indonesia,West Sumatra,1/5/2021 12:00:00 AM,2021,January
677,Belia,Wickey,Female,Indonesia,Bangka Belitung Islands,2/18/2021 12:00:00 AM,2021,February
678,Eugenio,Cardenosa,Female,Indonesia,Southeast Sulawesi,3/1/2021 12:00:00 AM,2021,March
679,Nora,Garrie,Female,Indonesia,Bali,1/31/2021 12:00:00 AM,2021,January
680,Anselm,Embleton,Male,Indonesia,Riau Islands,1/10/2021 12:00:00 AM,2021,January
681,Adolphus,Roke,Male,Indonesia,Aceh,2/9/2021 12:00:00 AM,2021,February
682,Bessy,Kubach,Female,Indonesia,Aceh,2/12/2021 12:00:00 AM,2021,February
683,Jeanne,Livesey,Female,Indonesia,North Maluku,1/22/2021 12:00:00 AM,2021,January
684,Roshelle,Birkett,Male,Indonesia,Riau,2/12/2021 12:00:00 AM,2021,February
685,Riley,Antoszewski,Female,Indonesia,West Sumatra,3/20/2021 12:00:00 AM,2021,March
686,Jerrine,Filinkov,Female,Indonesia,Riau Islands,2/22/2021 12:00:00 AM,2021,February
687,Consuela,Rebbeck,Male,Indonesia,West Sulawesi,1/18/2021 12:00:00 AM,2021,January
688,Leland,Brignall,Female,Indonesia,Central Java,2/19/2021 12:00:00 AM,2021,February
689,Pen,Newall,Female,Indonesia,South Kalimantan,1/12/2021 12:00:00 AM,2021,January
690,Gav,Crockley,Female,Indonesia,Central Java,3/21/2021 12:00:00 AM,2021,March
691,Tiffany,Hincks,Female,Indonesia,West Sumatra,2/9/2021 12:00:00 AM,2021,February
692,De witt,Davydzenko,Female,Indonesia,Riau Islands,2/8/2021 12:00:00 AM,2021,February
693,Quincy,Windley,Male,Indonesia,South Sumatra,3/17/2021 12:00:00 AM,2021,March
694,Licha,Shearn,Male,Indonesia,North Kalimantan,2/10/2021 12:00:00 AM,2021,February
695,Janeta,Woolf,Female,Indonesia,Jambi,3/8/2021 12:00:00 AM,2021,March
696,Cathrin,Hrynczyk,Male,Indonesia,West Nusa Tenggara,3/14/2021 12:00:00 AM,2021,March
697,Ravi,Crafter,Female,Indonesia,Maluku,3/8/2021 12:00:00 AM,2021,March
698,Mara,Ferrillo,Male,Indonesia,North Kalimantan,2/10/2021 12:00:00 AM,2021,February
699,Saree,Marple,Male,Indonesia,West Sulawesi,1/13/2021 12:00:00 AM,2021,January
700,Emelen,Klaaassen,Female,Indonesia,East Kalimantan,2/27/2021 12:00:00 AM,2021,February
701,Renell,Fransewich,Male,Indonesia,Papua,2/1/2021 12:00:00 AM,2021,February
702,Jae,Wildbore,Female,Indonesia,East Java,2/23/2021 12:00:00 AM,2021,February
703,Sibyl,Wiz,Male,Indonesia,East Nusa Tenggara,3/16/2021 12:00:00 AM,2021,March
704,Harwilll,Rawkesby,Female,Indonesia,West Kalimantan,2/18/2021 12:00:00 AM,2021,February
705,Dody,Nourse,Male,Indonesia,West Sumatra,1/23/2021 12:00:00 AM,2021,January
706,Skipp,Conachie,Female,Indonesia,West Sulawesi,1/27/2021 12:00:00 AM,2021,January
707,Lin,Borzoni,Female,Indonesia,North Sumatra,2/8/2021 12:00:00 AM,2021,February
708,Cami,Beekmann,Female,Indonesia,Aceh,1/10/2021 12:00:00 AM,2021,January
709,Barbara-anne,Vere,Female,Indonesia,Banten,1/27/2021 12:00:00 AM,2021,January
710,Skippy,Labbey,Female,Indonesia,Special Capital Region of Jakarta,2/2/2021 12:00:00 AM,2021,February
711,Cornie,Falkingham,Male,Indonesia,East Nusa Tenggara,1/25/2021 12:00:00 AM,2021,January
712,My,Hurt,Male,Indonesia,Jambi,3/9/2021 12:00:00 AM,2021,March
713,Louie,Eyree,Female,Indonesia,East Nusa Tenggara,1/23/2021 12:00:00 AM,2021,January
714,Audrey,Musgrave,Female,Indonesia,Jambi,1/24/2021 12:00:00 AM,2021,January
715,Addie,Roddick,Female,Indonesia,Aceh,1/7/2021 12:00:00 AM,2021,January
716,Udell,Malham,Male,Indonesia,Special Region of Yogyakarta,3/6/2021 12:00:00 AM,2021,March
717,Ernesto,Raith,Female,Indonesia,West Nusa Tenggara,2/28/2021 12:00:00 AM,2021,February
718,Hunter,Crabbe,Male,Indonesia,North Sulawesi,1/5/2021 12:00:00 AM,2021,January
719,Delly,Theuff,Male,Indonesia,Jambi,2/2/2021 12:00:00 AM,2021,February
720,Killie,Culverhouse,Male,Indonesia,West Sumatra,1/23/2021 12:00:00 AM,2021,January
721,Erin,Lezemore,Male,Indonesia,North Kalimantan,1/7/2021 12:00:00 AM,2021,January
722,Vicki,Riseborough,Male,Indonesia,Lampung,3/1/2021 12:00:00 AM,2021,March
723,Aurthur,Roloff,Male,Indonesia,East Kalimantan,3/6/2021 12:00:00 AM,2021,March
724,Skipton,Leggate,Female,Indonesia,East Java,3/17/2021 12:00:00 AM,2021,March
725,Catina,Matula,Male,Indonesia,East Java,3/17/2021 12:00:00 AM,2021,March
726,Aigneis,Twinterman,Male,Indonesia,South Kalimantan,2/8/2021 12:00:00 AM,2021,February
727,Yettie,Beadles,Male,Indonesia,South Kalimantan,3/4/2021 12:00:00 AM,2021,March
728,Kriste,Wellfare,Female,Indonesia,West Sulawesi,2/23/2021 12:00:00 AM,2021,February
729,Portie,Phillot,Male,Indonesia,East Nusa Tenggara,2/24/2021 12:00:00 AM,2021,February
730,Linnie,Dowman,Female,Indonesia,North Kalimantan,2/19/2021 12:00:00 AM,2021,February
731,Karina,Klass,Female,Indonesia,Papua,1/19/2021 12:00:00 AM,2021,January
732,Cristobal,Quarry,Female,Indonesia,Central Kalimantan,1/27/2021 12:00:00 AM,2021,January
733,Titos,Stryde,Male,Indonesia,Papua,3/1/2021 12:00:00 AM,2021,March
734,Tansy,Hathorn,Female,Indonesia,Aceh,3/21/2021 12:00:00 AM,2021,March
735,Danica,Cleare,Male,Indonesia,Riau,1/1/2021 12:00:00 AM,2021,January
736,Jedidiah,Ioselev,Female,Indonesia,North Sulawesi,2/9/2021 12:00:00 AM,2021,February
737,Maxy,Buggs,Male,Indonesia,Special Region of Yogyakarta,1/28/2021 12:00:00 AM,2021,January
738,Marjorie,Nassey,Female,Indonesia,Central Sulawesi,2/26/2021 12:00:00 AM,2021,February
739,Kaitlyn,Rutland,Female,Indonesia,West Nusa Tenggara,2/15/2021 12:00:00 AM,2021,February
740,Keefer,Pischof,Female,Indonesia,Maluku,1/15/2021 12:00:00 AM,2021,January
741,Isahella,Stickney,Male,Indonesia,North Kalimantan,1/16/2021 12:00:00 AM,2021,January
742,Sosanna,Strognell,Male,Indonesia,South Sulawesi,2/11/2021 12:00:00 AM,2021,February
743,Ida,Gameson,Male,Indonesia,North Sulawesi,2/7/2021 12:00:00 AM,2021,February
744,Skye,Oneile,Male,Indonesia,Southeast Sulawesi,3/3/2021 12:00:00 AM,2021,March
745,Ford,Dumini,Male,Indonesia,North Kalimantan,2/8/2021 12:00:00 AM,2021,February
746,Pamela,Bertrand,Male,Indonesia,Central Sulawesi,1/26/2021 12:00:00 AM,2021,January
747,Mace,Raccio,Female,Indonesia,Riau,2/1/2021 12:00:00 AM,2021,February
748,Benedicta,Macquire,Male,Indonesia,Lampung,1/4/2021 12:00:00 AM,2021,January
749,Davidde,Showering,Male,Indonesia,East Java,2/6/2021 12:00:00 AM,2021,February
750,Darby,Ryrie,Female,Indonesia,West Sulawesi,2/5/2021 12:00:00 AM,2021,February
751,Norri,Roxburgh,Male,Indonesia,East Nusa Tenggara,1/21/2021 12:00:00 AM,2021,January
752,Gabbie,Mincher,Male,Indonesia,Banten,1/11/2021 12:00:00 AM,2021,January
753,Jeremias,Trewett,Female,Indonesia,South Kalimantan,2/7/2021 12:00:00 AM,2021,February
754,Esteban,Gallard,Female,Indonesia,Banten,3/6/2021 12:00:00 AM,2021,March
755,Adel,Emma,Female,Indonesia,Riau Islands,1/7/2021 12:00:00 AM,2021,January
756,Merilyn,Simister,Male,Indonesia,North Maluku,2/17/2021 12:00:00 AM,2021,February
757,Selina,McGready,Male,Indonesia,West Sulawesi,1/30/2021 12:00:00 AM,2021,January
758,Aggy,Coryndon,Female,Indonesia,West Kalimantan,1/14/2021 12:00:00 AM,2021,January
759,Gib,Dewey,Male,Indonesia,South Kalimantan,1/15/2021 12:00:00 AM,2021,January
760,Marcos,O'Carran,Female,Indonesia,Bali,2/11/2021 12:00:00 AM,2021,February
761,Burty,Schutt,Female,Indonesia,Bali,3/5/2021 12:00:00 AM,2021,March
762,Garreth,Pelosi,Male,Indonesia,Banten,1/27/2021 12:00:00 AM,2021,January
763,Elden,Crenage,Male,Indonesia,West Sulawesi,1/12/2021 12:00:00 AM,2021,January
764,Marianna,Lammers,Female,Indonesia,West Sulawesi,2/14/2021 12:00:00 AM,2021,February
765,Nariko,Addy,Male,Indonesia,Bali,2/18/2021 12:00:00 AM,2021,February
766,Kalindi,Amberg,Male,Indonesia,North Sulawesi,3/3/2021 12:00:00 AM,2021,March
767,Linea,Willcot,Male,Indonesia,Riau Islands,1/9/2021 12:00:00 AM,2021,January
768,Gabriella,Stare,Male,Indonesia,Southeast Sulawesi,1/11/2021 12:00:00 AM,2021,January
769,Joyan,Handy,Female,Indonesia,Special Region of Yogyakarta,3/21/2021 12:00:00 AM,2021,March
770,Morena,Lacky,Female,Indonesia,Riau,2/28/2021 12:00:00 AM,2021,February
771,Mellisent,Swedeland,Male,Indonesia,North Maluku,3/15/2021 12:00:00 AM,2021,March
772,Lorianne,Trenoweth,Female,Indonesia,North Sumatra,1/3/2021 12:00:00 AM,2021,January
773,Paulita,Fayerman,Male,Indonesia,Aceh,2/16/2021 12:00:00 AM,2021,February
774,Quentin,Frounks,Female,Indonesia,Bangka Belitung Islands,3/12/2021 12:00:00 AM,2021,March
775,Noni,Jacqueme,Male,Indonesia,Central Java,2/20/2021 12:00:00 AM,2021,February
776,Rafaelia,Josselson,Female,Indonesia,Central Sulawesi,2/13/2021 12:00:00 AM,2021,February
777,Randie,Bediss,Female,Indonesia,Bengkulu,1/5/2021 12:00:00 AM,2021,January
778,Kelcie,Drohane,Female,Indonesia,Jambi,1/3/2021 12:00:00 AM,2021,January
779,Ellen,Irvin,Female,Indonesia,West Java,2/25/2021 12:00:00 AM,2021,February
780,Barb,Handrock,Female,Indonesia,North Maluku,3/21/2021 12:00:00 AM,2021,March
781,Patsy,Beckworth,Male,Indonesia,West Kalimantan,1/31/2021 12:00:00 AM,2021,January
782,Kristos,Reggiani,Male,Indonesia,Gorontalo,2/4/2021 12:00:00 AM,2021,February
783,Ethe,Scandroot,Male,Indonesia,Bali,1/8/2021 12:00:00 AM,2021,January
784,Kellby,Huggen,Male,Indonesia,Special Region of Yogyakarta,1/18/2021 12:00:00 AM,2021,January
785,Ardisj,Ubanks,Female,Indonesia,North Maluku,1/22/2021 12:00:00 AM,2021,January
786,Xever,Jeandon,Male,Indonesia,Banten,2/1/2021 12:00:00 AM,2021,February
787,Nicole,Wildblood,Male,Indonesia,Bali,1/17/2021 12:00:00 AM,2021,January
788,Gail,McMorran,Female,Indonesia,Special Capital Region of Jakarta,2/16/2021 12:00:00 AM,2021,February
789,Thatch,Stangroom,Male,Indonesia,East Nusa Tenggara,2/5/2021 12:00:00 AM,2021,February
790,Adriana,Walenta,Female,Indonesia,South Kalimantan,2/20/2021 12:00:00 AM,2021,February
791,Lazaro,Varley,Female,Indonesia,North Sumatra,3/3/2021 12:00:00 AM,2021,March
792,Hymie,Aubin,Female,Indonesia,Papua,3/14/2021 12:00:00 AM,2021,March
793,Cherrita,Chatto,Female,Indonesia,Central Kalimantan,2/15/2021 12:00:00 AM,2021,February
794,Lindsay,Commins,Male,Indonesia,Jambi,1/27/2021 12:00:00 AM,2021,January
795,Gilles,Guinn,Male,Indonesia,Central Kalimantan,3/3/2021 12:00:00 AM,2021,March
796,Ulrike,Ert,Female,Indonesia,North Maluku,2/2/2021 12:00:00 AM,2021,February
797,Wyatt,Blinckhorne,Male,Indonesia,West Sumatra,1/6/2021 12:00:00 AM,2021,January
798,Shanie,Sommerly,Female,Indonesia,Riau Islands,3/16/2021 12:00:00 AM,2021,March
799,Seward,Ropking,Female,Indonesia,Jambi,1/19/2021 12:00:00 AM,2021,January
800,Liane,Beddoe,Male,Indonesia,Papua,1/16/2021 12:00:00 AM,2021,January
801,Michail,Bridgewood,Female,Indonesia,Banten,3/17/2021 12:00:00 AM,2021,March
802,Luise,Giorgielli,Female,Indonesia,West Papua,2/22/2021 12:00:00 AM,2021,February
803,Teriann,Saunders,Female,Indonesia,North Sulawesi,1/10/2021 12:00:00 AM,2021,January
804,Charles,Scantlebury,Female,Indonesia,North Maluku,1/6/2021 12:00:00 AM,2021,January
805,Seth,Canavan,Male,Indonesia,Central Sulawesi,2/16/2021 12:00:00 AM,2021,February
806,Lev,Lippard,Female,Indonesia,Papua,1/26/2021 12:00:00 AM,2021,January
807,Tasha,Hovell,Male,Indonesia,West Java,2/22/2021 12:00:00 AM,2021,February
808,Walsh,Lavall,Female,Indonesia,South Sulawesi,1/4/2021 12:00:00 AM,2021,January
809,Rhiamon,Shannon,Male,Indonesia,Riau,3/5/2021 12:00:00 AM,2021,March
810,Iolande,Skillman,Male,Indonesia,West Java,3/4/2021 12:00:00 AM,2021,March
811,Gillan,Nuton,Male,Indonesia,Riau,2/11/2021 12:00:00 AM,2021,February
812,Anselm,Neasham,Female,Indonesia,West Sulawesi,2/24/2021 12:00:00 AM,2021,February
813,Marabel,Arney,Female,Indonesia,Special Region of Yogyakarta,2/26/2021 12:00:00 AM,2021,February
814,Nonnah,Monaghan,Male,Indonesia,West Kalimantan,1/19/2021 12:00:00 AM,2021,January
815,Junette,Djordjevic,Female,Indonesia,Bali,2/7/2021 12:00:00 AM,2021,February
816,Shela,Joesbury,Female,Indonesia,South Kalimantan,1/18/2021 12:00:00 AM,2021,January
817,Reg,Backshell,Male,Indonesia,Special Capital Region of Jakarta,2/6/2021 12:00:00 AM,2021,February
818,Lory,Prier,Female,Indonesia,Riau Islands,2/6/2021 12:00:00 AM,2021,February
819,Hillier,Slaney,Male,Indonesia,Bangka Belitung Islands,2/14/2021 12:00:00 AM,2021,February
820,Thorndike,Sare,Female,Indonesia,Central Sulawesi,1/27/2021 12:00:00 AM,2021,January
821,Jenica,Mogenot,Male,Indonesia,Special Capital Region of Jakarta,2/3/2021 12:00:00 AM,2021,February
822,Lizbeth,Worvill,Male,Indonesia,Central Java,3/11/2021 12:00:00 AM,2021,March
823,Lenard,Pavolini,Female,Indonesia,Banten,3/13/2021 12:00:00 AM,2021,March
824,Pippy,Morrice,Female,Indonesia,Bengkulu,2/2/2021 12:00:00 AM,2021,February
825,Karylin,Fardo,Female,Indonesia,Central Sulawesi,1/9/2021 12:00:00 AM,2021,January
826,Carolin,Ector,Female,Indonesia,West Kalimantan,2/5/2021 12:00:00 AM,2021,February
827,Pennie,Divver,Female,Indonesia,West Papua,2/19/2021 12:00:00 AM,2021,February
828,Issy,Gligori,Female,Indonesia,Lampung,1/5/2021 12:00:00 AM,2021,January
829,Tania,Hillyatt,Female,Indonesia,South Kalimantan,1/21/2021 12:00:00 AM,2021,January
830,Faulkner,Fitkin,Female,Indonesia,Jambi,2/23/2021 12:00:00 AM,2021,February
831,Corny,Hartman,Female,Indonesia,East Kalimantan,2/25/2021 12:00:00 AM,2021,February
832,Fanya,Stainburn,Female,Indonesia,Bali,1/1/2021 12:00:00 AM,2021,January
833,Jammal,Nunnerley,Female,Indonesia,West Java,1/20/2021 12:00:00 AM,2021,January
834,Ella,Godman,Male,Indonesia,Gorontalo,1/9/2021 12:00:00 AM,2021,January
835,Che,Hedworth,Female,Indonesia,Jambi,3/10/2021 12:00:00 AM,2021,March
836,Octavius,McIlwaine,Female,Indonesia,Special Region of Yogyakarta,3/19/2021 12:00:00 AM,2021,March
837,Averyl,Unsworth,Male,Indonesia,West Nusa Tenggara,1/20/2021 12:00:00 AM,2021,January
838,Ludovico,Shaxby,Female,Indonesia,West Papua,3/9/2021 12:00:00 AM,2021,March
839,Pierce,Greenhill,Female,Indonesia,Central Java,1/12/2021 12:00:00 AM,2021,January
840,Claude,Bill,Female,Indonesia,Papua,1/9/2021 12:00:00 AM,2021,January
841,Lowrance,Hammonds,Male,Indonesia,South Sulawesi,2/4/2021 12:00:00 AM,2021,February
842,Maurise,Deakes,Male,Indonesia,East Kalimantan,2/17/2021 12:00:00 AM,2021,February
843,Grete,Yannikov,Male,Indonesia,East Java,3/7/2021 12:00:00 AM,2021,March
844,Elton,Hellewell,Female,Indonesia,Central Java,2/2/2021 12:00:00 AM,2021,February
845,Britney,Corradi,Male,Indonesia,East Kalimantan,1/31/2021 12:00:00 AM,2021,January
846,Nikki,Boot,Male,Indonesia,Riau,1/13/2021 12:00:00 AM,2021,January
847,Marquita,Geoghegan,Female,Indonesia,East Nusa Tenggara,2/3/2021 12:00:00 AM,2021,February
848,Harlie,Cripps,Male,Indonesia,South Sulawesi,1/16/2021 12:00:00 AM,2021,January
849,Si,Livick,Female,Indonesia,Lampung,3/10/2021 12:00:00 AM,2021,March
850,Minnaminnie,Di Biagi,Male,Indonesia,West Nusa Tenggara,3/17/2021 12:00:00 AM,2021,March
851,Celinka,McQuorkell,Male,Indonesia,Banten,3/13/2021 12:00:00 AM,2021,March
852,Betsey,Warrilow,Male,Indonesia,Gorontalo,2/12/2021 12:00:00 AM,2021,February
853,Lemuel,Krystek,Male,Indonesia,Riau,3/1/2021 12:00:00 AM,2021,March
854,Hew,Ullyott,Male,Indonesia,Bali,2/8/2021 12:00:00 AM,2021,February
855,Jdavie,Rimington,Female,Indonesia,Lampung,2/4/2021 12:00:00 AM,2021,February
856,Jewel,Phythian,Male,Indonesia,South Sumatra,1/14/2021 12:00:00 AM,2021,January
857,Ephrem,Streeten,Female,Indonesia,Southeast Sulawesi,2/10/2021 12:00:00 AM,2021,February
858,Ellie,Strickler,Female,Indonesia,Central Sulawesi,2/12/2021 12:00:00 AM,2021,February
859,Forest,Bourgeois,Male,Indonesia,Bangka Belitung Islands,1/10/2021 12:00:00 AM,2021,January
860,Sammie,Gosz,Female,Indonesia,Maluku,3/21/2021 12:00:00 AM,2021,March
861,Esta,Saltwell,Female,Indonesia,Aceh,1/25/2021 12:00:00 AM,2021,January
862,Kin,Dulton,Male,Indonesia,East Java,1/31/2021 12:00:00 AM,2021,January
863,Fania,Kenwell,Male,Indonesia,Bengkulu,2/10/2021 12:00:00 AM,2021,February
864,Carol-jean,Ashman,Male,Indonesia,Maluku,3/16/2021 12:00:00 AM,2021,March
865,Melony,Ponting,Male,Indonesia,East Nusa Tenggara,2/18/2021 12:00:00 AM,2021,February
866,Valli,Penman,Female,Indonesia,Banten,3/17/2021 12:00:00 AM,2021,March
867,Denise,Klus,Male,Indonesia,West Sulawesi,2/1/2021 12:00:00 AM,2021,February
868,Adriana,Gallety,Female,Indonesia,East Kalimantan,1/26/2021 12:00:00 AM,2021,January
869,Patti,Chelnam,Female,Indonesia,North Sumatra,1/18/2021 12:00:00 AM,2021,January
870,Jelene,Peckitt,Male,Indonesia,Bengkulu,2/26/2021 12:00:00 AM,2021,February
871,Monti,Brandle,Male,Indonesia,West Nusa Tenggara,1/16/2021 12:00:00 AM,2021,January
872,Stace,Mendel,Female,Indonesia,West Java,2/12/2021 12:00:00 AM,2021,February
873,Gaelan,Blabey,Female,Indonesia,Central Sulawesi,2/18/2021 12:00:00 AM,2021,February
874,Pryce,Bottelstone,Female,Indonesia,Central Sulawesi,2/17/2021 12:00:00 AM,2021,February
875,Janeta,Gallichiccio,Female,Indonesia,Maluku,2/4/2021 12:00:00 AM,2021,February
876,Patty,Earngy,Female,Indonesia,North Sulawesi,1/18/2021 12:00:00 AM,2021,January
877,Somerset,Duiguid,Male,Indonesia,Papua,3/2/2021 12:00:00 AM,2021,March
878,Livia,Reyes,Female,Indonesia,Bengkulu,1/11/2021 12:00:00 AM,2021,January
879,Cheryl,Lorincz,Male,Indonesia,Jambi,3/1/2021 12:00:00 AM,2021,March
880,Eduino,Patrickson,Male,Indonesia,North Sulawesi,2/23/2021 12:00:00 AM,2021,February
881,Tani,Kingsnode,Female,Indonesia,Special Capital Region of Jakarta,2/24/2021 12:00:00 AM,2021,February
882,Ernesto,Tant,Male,Indonesia,Lampung,3/20/2021 12:00:00 AM,2021,March
883,Merwin,McLae,Male,Indonesia,Riau,3/4/2021 12:00:00 AM,2021,March
884,Shayna,Farreil,Female,Indonesia,North Sulawesi,1/3/2021 12:00:00 AM,2021,January
885,Hermann,Kibbye,Female,Indonesia,North Kalimantan,1/30/2021 12:00:00 AM,2021,January
886,Laverna,Trazzi,Male,Indonesia,North Kalimantan,1/2/2021 12:00:00 AM,2021,January
887,Ellynn,Hickenbottom,Female,Indonesia,Riau,2/4/2021 12:00:00 AM,2021,February
888,Simonette,Yantsurev,Female,Indonesia,South Kalimantan,1/28/2021 12:00:00 AM,2021,January
889,Rufe,Parsall,Female,Indonesia,Aceh,1/3/2021 12:00:00 AM,2021,January
890,Cassaundra,Stapylton,Male,Indonesia,Central Kalimantan,3/2/2021 12:00:00 AM,2021,March
891,Corbet,MacGuigan,Female,Indonesia,Bengkulu,3/19/2021 12:00:00 AM,2021,March
892,Trumann,Alpe,Male,Indonesia,North Sumatra,2/24/2021 12:00:00 AM,2021,February
893,Jo,Scolding,Male,Indonesia,West Kalimantan,2/12/2021 12:00:00 AM,2021,February
894,Tomi,Bugg,Female,Indonesia,Central Kalimantan,1/10/2021 12:00:00 AM,2021,January
895,Sharia,Bachelor,Male,Indonesia,West Sulawesi,1/14/2021 12:00:00 AM,2021,January
896,Fabian,Geely,Male,Indonesia,East Kalimantan,3/2/2021 12:00:00 AM,2021,March
897,Woodie,Jandac,Female,Indonesia,Bengkulu,2/12/2021 12:00:00 AM,2021,February
898,Jeralee,Armistead,Female,Indonesia,Banten,3/14/2021 12:00:00 AM,2021,March
899,Nichole,Bonnefin,Female,Indonesia,West Nusa Tenggara,2/17/2021 12:00:00 AM,2021,February
900,Xenos,Harnwell,Male,Indonesia,Gorontalo,1/23/2021 12:00:00 AM,2021,January
901,Millie,Muir,Male,Indonesia,Riau Islands,1/26/2021 12:00:00 AM,2021,January
902,Saidee,Caistor,Male,Indonesia,Bengkulu,2/23/2021 12:00:00 AM,2021,February
903,Teresa,Sprouls,Male,Indonesia,South Sumatra,3/10/2021 12:00:00 AM,2021,March
904,Stacee,Schrieves,Male,Indonesia,Gorontalo,1/17/2021 12:00:00 AM,2021,January
905,Eddy,Northfield,Male,Indonesia,Aceh,1/21/2021 12:00:00 AM,2021,January
906,Yoshiko,Bellhouse,Male,Indonesia,Southeast Sulawesi,3/1/2021 12:00:00 AM,2021,March
907,Amabelle,Leasor,Female,Indonesia,West Java,1/14/2021 12:00:00 AM,2021,January
908,Darla,Billyeald,Female,Indonesia,Riau Islands,2/8/2021 12:00:00 AM,2021,February
909,Monroe,Cutchee,Male,Indonesia,South Kalimantan,1/2/2021 12:00:00 AM,2021,January
910,Herminia,Pharoah,Female,Indonesia,South Sumatra,2/8/2021 12:00:00 AM,2021,February
911,Jase,Eisig,Male,Indonesia,Banten,3/15/2021 12:00:00 AM,2021,March
912,Udale,Fidell,Male,Indonesia,North Sulawesi,2/18/2021 12:00:00 AM,2021,February
913,Vivie,Holsall,Male,Indonesia,West Nusa Tenggara,1/5/2021 12:00:00 AM,2021,January
914,Frasquito,Calverley,Male,Indonesia,East Nusa Tenggara,1/18/2021 12:00:00 AM,2021,January
915,Mureil,Gatsby,Female,Indonesia,Bengkulu,2/18/2021 12:00:00 AM,2021,February
916,Wynn,Rogger,Male,Indonesia,Jambi,3/17/2021 12:00:00 AM,2021,March
917,Davis,Paschke,Male,Indonesia,Maluku,3/15/2021 12:00:00 AM,2021,March
918,Care,Kinsey,Female,Indonesia,Central Java,1/23/2021 12:00:00 AM,2021,January
919,Berkeley,Pawnsford,Male,Indonesia,Bangka Belitung Islands,2/8/2021 12:00:00 AM,2021,February
920,Tedda,Northidge,Female,Indonesia,Central Kalimantan,2/11/2021 12:00:00 AM,2021,February
921,Gan,Lacy,Male,Indonesia,Special Region of Yogyakarta,2/17/2021 12:00:00 AM,2021,February
922,Desi,Downes,Female,Indonesia,West Sulawesi,1/31/2021 12:00:00 AM,2021,January
923,Bernie,Tutchings,Female,Indonesia,South Kalimantan,2/9/2021 12:00:00 AM,2021,February
924,Belita,Kleinzweig,Male,Indonesia,Bengkulu,1/24/2021 12:00:00 AM,2021,January
925,Nikki,Coundley,Female,Indonesia,South Sulawesi,3/19/2021 12:00:00 AM,2021,March
926,Crystal,Escolme,Male,Indonesia,Banten,1/30/2021 12:00:00 AM,2021,January
927,Gavan,Cains,Male,Indonesia,South Sulawesi,1/30/2021 12:00:00 AM,2021,January
928,Worth,Poyser,Male,Indonesia,Bali,1/18/2021 12:00:00 AM,2021,January
929,Byrom,Partington,Female,Indonesia,Central Sulawesi,3/5/2021 12:00:00 AM,2021,March
930,Carter,Petican,Male,Indonesia,Southeast Sulawesi,3/8/2021 12:00:00 AM,2021,March
931,Cesar,Langlands,Female,Indonesia,Gorontalo,1/14/2021 12:00:00 AM,2021,January
932,Norry,Meese,Male,Indonesia,Aceh,1/17/2021 12:00:00 AM,2021,January
933,Suzann,Dooland,Female,Indonesia,North Kalimantan,2/18/2021 12:00:00 AM,2021,February
934,Emmalee,Stephenson,Female,Indonesia,East Java,3/16/2021 12:00:00 AM,2021,March
935,Nady,Whitwam,Female,Indonesia,Central Sulawesi,1/4/2021 12:00:00 AM,2021,January
936,Carolina,Trays,Female,Indonesia,Maluku,2/16/2021 12:00:00 AM,2021,February
937,Thomas,Pessolt,Male,Indonesia,Bengkulu,1/3/2021 12:00:00 AM,2021,January
938,Ariella,Halesworth,Female,Indonesia,Banten,2/13/2021 12:00:00 AM,2021,February
939,Ronda,Astley,Male,Indonesia,West Kalimantan,2/6/2021 12:00:00 AM,2021,February
940,Rani,Paler,Female,Indonesia,Maluku,2/21/2021 12:00:00 AM,2021,February
941,Pattie,Bartels-Ellis,Male,Indonesia,North Sulawesi,2/18/2021 12:00:00 AM,2021,February
942,Stanislaus,Crain,Female,Indonesia,Gorontalo,1/8/2021 12:00:00 AM,2021,January
943,Findlay,Sperrett,Male,Indonesia,Lampung,2/9/2021 12:00:00 AM,2021,February
944,Parker,Dabell,Female,Indonesia,North Maluku,1/25/2021 12:00:00 AM,2021,January
945,Janelle,Yurocjkin,Female,Indonesia,Maluku,1/13/2021 12:00:00 AM,2021,January
946,Ruperta,Valler,Female,Indonesia,Central Kalimantan,1/23/2021 12:00:00 AM,2021,January
947,Luigi,Tohill,Male,Indonesia,Central Java,2/17/2021 12:00:00 AM,2021,February
948,Kippy,Bottomley,Male,Indonesia,West Nusa Tenggara,1/25/2021 12:00:00 AM,2021,January
949,Ophelia,Gribble,Female,Indonesia,Aceh,3/3/2021 12:00:00 AM,2021,March
950,Nanni,Donohue,Male,Indonesia,South Sulawesi,3/20/2021 12:00:00 AM,2021,March
951,Midge,Totterdill,Female,Indonesia,West Sumatra,1/22/2021 12:00:00 AM,2021,January
952,Wood,Wellwood,Female,Indonesia,Banten,3/15/2021 12:00:00 AM,2021,March
953,Meade,Fidgett,Female,Indonesia,Special Capital Region of Jakarta,2/10/2021 12:00:00 AM,2021,February
954,Byrann,Patkin,Female,Indonesia,Lampung,2/16/2021 12:00:00 AM,2021,February
955,Fin,Dymocke,Female,Indonesia,Riau Islands,3/9/2021 12:00:00 AM,2021,March
956,Betty,Barock,Female,Indonesia,West Sulawesi,1/4/2021 12:00:00 AM,2021,January
957,Brandyn,Escalero,Female,Indonesia,West Nusa Tenggara,1/6/2021 12:00:00 AM,2021,January
958,Lory,Dmitrovic,Female,Indonesia,South Sulawesi,2/20/2021 12:00:00 AM,2021,February
959,Marya,Moon,Female,Indonesia,North Sumatra,1/23/2021 12:00:00 AM,2021,January
960,Kerwinn,Gilluley,Female,Indonesia,West Kalimantan,3/6/2021 12:00:00 AM,2021,March
961,Nil,Leaton,Male,Indonesia,Central Sulawesi,3/17/2021 12:00:00 AM,2021,March
962,Devan,Brunel,Male,Indonesia,East Nusa Tenggara,2/4/2021 12:00:00 AM,2021,February
963,Palm,Calterone,Male,Indonesia,North Kalimantan,3/14/2021 12:00:00 AM,2021,March
964,Clair,Rosencwaig,Male,Indonesia,Bali,1/21/2021 12:00:00 AM,2021,January
965,Meagan,Koppel,Female,Indonesia,West Nusa Tenggara,2/17/2021 12:00:00 AM,2021,February
966,Babette,Debenham,Female,Indonesia,West Java,1/28/2021 12:00:00 AM,2021,January
967,Harlie,Yter,Male,Indonesia,West Sulawesi,2/24/2021 12:00:00 AM,2021,February
968,Bartolemo,Hasted,Male,Indonesia,East Kalimantan,1/12/2021 12:00:00 AM,2021,January
969,Giustino,Dootson,Female,Indonesia,South Sulawesi,2/8/2021 12:00:00 AM,2021,February
970,Oberon,Schwandermann,Female,Indonesia,Papua,1/1/2021 12:00:00 AM,2021,January
971,Benjamin,Vaux,Female,Indonesia,Maluku,3/5/2021 12:00:00 AM,2021,March
972,Hewe,Dils,Female,Indonesia,East Java,1/18/2021 12:00:00 AM,2021,January
973,Rhodie,Chick,Male,Indonesia,Maluku,2/1/2021 12:00:00 AM,2021,February
974,Harri,Welbrock,Male,Indonesia,Bengkulu,3/6/2021 12:00:00 AM,2021,March
975,Fayre,Dunnett,Female,Indonesia,Bali,1/14/2021 12:00:00 AM,2021,January
976,Boycey,Studders,Male,Indonesia,Southeast Sulawesi,3/16/2021 12:00:00 AM,2021,March
977,Winona,Bletsor,Male,Indonesia,Aceh,1/30/2021 12:00:00 AM,2021,January
978,Kerrin,Hollyer,Male,Indonesia,North Sumatra,2/4/2021 12:00:00 AM,2021,February
979,Zsa zsa,Frammingham,Female,Indonesia,Bengkulu,1/18/2021 12:00:00 AM,2021,January
980,Maritsa,Ladson,Male,Indonesia,West Sumatra,1/9/2021 12:00:00 AM,2021,January
981,Emilio,Densie,Female,Indonesia,East Nusa Tenggara,2/21/2021 12:00:00 AM,2021,February
982,Marjory,Furze,Female,Indonesia,Central Java,1/6/2021 12:00:00 AM,2021,January
983,Ricki,Essery,Male,Indonesia,North Sulawesi,1/7/2021 12:00:00 AM,2021,January
984,Theo,Whipple,Female,Indonesia,East Nusa Tenggara,3/1/2021 12:00:00 AM,2021,March
985,Neda,Bemand,Female,Indonesia,Riau,3/8/2021 12:00:00 AM,2021,March
986,Lucais,Henrych,Female,Indonesia,Special Capital Region of Jakarta,3/16/2021 12:00:00 AM,2021,March
987,Amberly,Labrum,Female,Indonesia,Papua,2/17/2021 12:00:00 AM,2021,February
988,Eimile,Revie,Female,Indonesia,Jambi,2/21/2021 12:00:00 AM,2021,February
989,Ivor,Sillett,Female,Indonesia,West Sulawesi,3/14/2021 12:00:00 AM,2021,March
990,Nancie,Brayley,Female,Indonesia,South Kalimantan,3/11/2021 12:00:00 AM,2021,March
991,Joye,Caudell,Female,Indonesia,Riau,1/10/2021 12:00:00 AM,2021,January
992,Christiano,Lewson,Male,Indonesia,South Sulawesi,3/4/2021 12:00:00 AM,2021,March
993,Jecho,Moring,Male,Indonesia,Aceh,1/22/2021 12:00:00 AM,2021,January
994,Em,Roper,Female,Indonesia,West Kalimantan,1/13/2021 12:00:00 AM,2021,January
995,Fairleigh,Seakes,Male,Indonesia,South Sumatra,1/19/2021 12:00:00 AM,2021,January
996,Rosamund,Deer,Male,Indonesia,Papua,3/3/2021 12:00:00 AM,2021,March
997,Laural,Whittleton,Female,Indonesia,West Sulawesi,1/13/2021 12:00:00 AM,2021,January
998,Abigale,Goundsy,Female,Indonesia,Central Kalimantan,2/5/2021 12:00:00 AM,2021,February
999,Glenda,Thandi,Female,Indonesia,Bangka Belitung Islands,2/21/2021 12:00:00 AM,2021,February
1000,Iseabal,Pregal,Female,Indonesia,Central Kalimantan,2/24/2021 12:00:00 AM,2021,February

